FID_ADJUST_PRINTZOOM,.uno:AdjustPrintZoom
FID_APPLY_NAME,.uno:ApplyNames
FID_AUTOCOMPLETE,.uno:AutoComplete
FID_AUTO_CALC,.uno:AutomaticCalculation
FID_CELL_FORMAT,.uno:FormatCellDialog
FID_CHG_ACCEPT,.uno:AcceptChanges
FID_CHG_COMMENT,.uno:CommentChange
FID_CHG_RECORD,.uno:TraceChangeMode
FID_CHG_SHOW,.uno:ShowChanges
FID_COL_HIDE,.uno:HideColumn
FID_COL_OPT_DIRECT,.uno:SetOptimalColumnWidthDirect
FID_COL_OPT_WIDTH,.uno:SetOptimalColumnWidth
FID_COL_SHOW,.uno:ShowColumn
FID_COL_WIDTH,.uno:ColumnWidth
FID_CONDITIONAL_FORMAT,.uno:ConditionalFormat
FID_DEFINE_NAME,.uno:DefineName
FID_DELETE_CELL,.uno:DeleteCell
FID_DELETE_TABLE,.uno:Remove
FID_DEL_COLBRK,.uno:DeleteColumnbreak
FID_DEL_MANUALBREAKS,.uno:DeleteAllBreaks
FID_DEL_ROWBRK,.uno:DeleteRowbreak
FID_FILL_AUTO,.uno:AutoFill
FID_FILL_SERIES,.uno:FillSeries
FID_FILL_TAB,.uno:FillTable
FID_FILL_TO_BOTTOM,.uno:FillDown
FID_FILL_TO_LEFT,.uno:FillLeft
FID_FILL_TO_RIGHT,.uno:FillRight
FID_FILL_TO_TOP,.uno:FillUp
FID_FILTER_OK,.uno:FilterExecute
FID_FOCUS_POSWND,.uno:FocusCellAddress
FID_FUNCTION_BOX,.uno:FunctionBox
FID_HARD_RECALC,.uno:CalculateHard
FID_INPUTLINE_BLOCK,.uno:InputLineBlock
FID_INPUTLINE_ENTER,.uno:InputLineEnter
FID_INPUTLINE_MATRIX,.uno:InputLineMatrix
FID_INPUTLINE_STATUS,.uno:StatusInputLine
FID_INSERT_FILE,.uno:InsertFile
FID_INSERT_NAME,.uno:InsertName
FID_INS_CELL,.uno:InsertCell
FID_INS_CELLSDOWN,.uno:InsertCellsDown
FID_INS_CELLSRIGHT,.uno:InsertCellsRight
FID_INS_CELL_CONTENTS,.uno:InsertContents
FID_INS_COLBRK,.uno:InsertColumnBreak
FID_INS_COLUMN,.uno:InsertColumns
FID_INS_ROW,.uno:InsertRows
FID_INS_ROWBRK,.uno:InsertRowBreak
FID_INS_TABLE,.uno:Insert
FID_INS_TABLE_EXT,.uno:InsertSheetFromFile
FID_MERGE_OFF,.uno:SplitCell
FID_MERGE_ON,.uno:MergeCells
FID_MERGE_TOGGLE,.uno:ToggleMergeCells
FID_NORMALVIEWMODE,.uno:NormalViewMode
FID_NOTE_VISIBLE,.uno:NoteVisible
FID_PAGEBREAKMODE,.uno:PagebreakMode
FID_PASTE_CONTENTS,.uno:PasteSpecial
FID_PROTECT_DOC,.uno:ToolProtectionDocument
FID_PROTECT_TABLE,.uno:Protect
FID_RECALC,.uno:Calculate
FID_REPEAT_SEARCH,.uno:RepeatSearch
FID_REPLACE,.uno:Replace
FID_REPLACE_ALL,.uno:ReplaceAll
FID_RESET_PRINTZOOM,.uno:ResetPrintZoom
FID_ROW_HEIGHT,.uno:RowHeight
FID_ROW_HIDE,.uno:HideRow
FID_ROW_OPT_HEIGHT,.uno:SetOptimalRowHeight
FID_ROW_SHOW,.uno:ShowRow
FID_SCALE,.uno:Scale
FID_SCALESTATUS,.uno:StatusScale
FID_SEARCH,.uno:Search
FID_SEARCH_ALL,.uno:SearchAll
FID_SEARCH_NOW,.uno:ExecuteSearch
FID_SEARCH_OFF,.uno:SearchOff
FID_SEARCH_ON,.uno:SearchOn
FID_SEARCH_REPLACESET,.uno:ReplaceSet
FID_SEARCH_SEARCHSET,.uno:SearchSet
FID_TABLE_HIDE,.uno:Hide
FID_TABLE_SHOW,.uno:Show
FID_TABLE_VISIBLE,.uno:Visible
FID_TAB_APPEND,.uno:Add
FID_TAB_MENU_RENAME,.uno:RenameTable
FID_TAB_MOVE,.uno:Move
FID_TAB_RENAME,.uno:Name
FID_TAB_RTL,.uno:SheetRightToLeft
FID_TAB_SELECTALL,.uno:TableSelectAll
FID_TOGGLEHEADERS,.uno:ViewRowColumnHeaders
FID_TOGGLEINPUTLINE,.uno:InputLineVisible
FID_TOGGLESYNTAX,.uno:ViewValueHighlighting
FID_USE_NAME,.uno:CreateNames
FID_VALIDATION,.uno:Validation
FN_ABSTRACT_NEWDOC,.uno:CreateAbstract
FN_ABSTRACT_STARIMPRESS,.uno:SendAbstractToStarImpress
FN_ADD_UNKNOWN,.uno:AddAllUnknownWords
FN_AUTOFORMAT_APPLY,.uno:AutoFormatApply
FN_AUTOFORMAT_AUTO,.uno:OnlineAutoFormat
FN_AUTOFORMAT_REDLINE_APPLY,.uno:AutoFormatRedlineApply
FN_AUTO_CORRECT,.uno:StartAutoCorrect
FN_BACKSPACE,.uno:SwBackspace
FN_BUSINESS_CARD,.uno:InsertBusinessCard
FN_CALCULATE,.uno:CalculateSel
FN_CALC_TABLE,.uno:Calc
FN_CHANGE_DBFIELD,.uno:ChangeDatabaseField
FN_CHANGE_PAGENUM,.uno:PageOffsetDialog
FN_CHAR_LEFT,.uno:GoLeft
FN_CHAR_LEFT_SEL,.uno:CharLeftSel
FN_CHAR_RIGHT,.uno:GoRight
FN_CHAR_RIGHT_SEL,.uno:CharRightSel
FN_CLOSE_PAGEPREVIEW,.uno:ClosePreview
FN_CNTNT_TO_NEXT_FRAME,.uno:JumpToNextFrame
FN_CONVERT_TABLE_TO_TEXT,.uno:ConvertTableToText
FN_CONVERT_TEXT_TABLE,.uno:ConvertTableText
FN_CONVERT_TEXT_TO_TABLE,.uno:ConvertTextToTable
FN_DEC_INDENT_OFFSET,.uno:DecrementIndentValue
FN_DELETE_BACK_LINE,.uno:DelToStartOfLine
FN_DELETE_BACK_PARA,.uno:DelToStartOfPara
FN_DELETE_BACK_SENT,.uno:DelToStartOfSentence
FN_DELETE_BACK_WORD,.uno:DelToStartOfWord
FN_DELETE_BOOKMARK,.uno:DeleteBookmark
FN_DELETE_LINE,.uno:DelToEndOfLine
FN_DELETE_PARA,.uno:DelToEndOfPara
FN_DELETE_SENT,.uno:DelToEndOfSentence
FN_DELETE_WHOLE_LINE,.uno:DelLine
FN_DELETE_WORD,.uno:DelToEndOfWord
FN_DRAWTEXT_ATTR_DLG,.uno:TextAttributes
FN_DRAW_WRAP_DLG,.uno:TextWrap
FN_DROP_CHAR_STYLE_NAME,.uno:SetDropCapCharStyleName
FN_DROP_TEXT,.uno:SetDropCapText
FN_EDIT_AUTH_ENTRY_DLG,.uno:AuthoritiesEntryDialog
FN_EDIT_CURRENT_TOX,.uno:EditCurIndex
FN_EDIT_FIELD,.uno:FieldDialog
FN_EDIT_FOOTNOTE,.uno:EditFootnote
FN_EDIT_FORMULA,.uno:InsertFormula
FN_EDIT_HYPERLINK,.uno:EditHyperlink
FN_EDIT_IDX_ENTRY_DLG,.uno:IndexEntryDialog
FN_EDIT_LINK_DLG,.uno:LinkDialog
FN_EDIT_REGION,.uno:EditRegion
FN_END_DOC_DIRECT,.uno:JumpToEndOfDoc
FN_END_OF_COLUMN,.uno:GoToEndOfColumn
FN_END_OF_DOCUMENT,.uno:GoToEndOfDoc
FN_END_OF_DOCUMENT_SEL,.uno:EndOfDocumentSel
FN_END_OF_LINE,.uno:GoToEndOfLine
FN_END_OF_LINE_SEL,.uno:EndOfLineSel
FN_END_OF_NEXT_COLUMN,.uno:GoToEndOfNextColumn
FN_END_OF_NEXT_PAGE,.uno:GoToEndOfNextPage
FN_END_OF_NEXT_PAGE_SEL,.uno:GoToEndOfNextPageSel
FN_END_OF_PAGE,.uno:GoToEndOfPage
FN_END_OF_PAGE_SEL,.uno:GoToEndOfPageSel
FN_END_OF_PARA,.uno:GoToEndOfPara
FN_END_OF_PARA_SEL,.uno:EndOfParaSel
FN_END_OF_PREV_COLUMN,.uno:GoToEndOfPrevColumn
FN_END_OF_PREV_PAGE,.uno:GoToEndOfPrevPage
FN_END_OF_PREV_PAGE_SEL,.uno:GoToEndOfPrevPageSel
FN_END_TABLE,.uno:GoToEnd
FN_ENVELOP,.uno:InsertEnvelope
FN_ESCAPE,.uno:Escape
FN_EXECUTE_MACROFIELD,.uno:ExecuteMacroField
FN_EXPAND_GLOSSARY,.uno:ExpandGlossary
FN_FAX,.uno:SendFax
FN_FLIP_HORZ_GRAFIC,.uno:FlipHorizontal
FN_FLIP_VERT_GRAFIC,.uno:FlipVertical
FN_FOOTNOTE_TO_ANCHOR,.uno:JumpToFootnoteOrAnchor
FN_FORMAT_APPLY_DEFAULT,.uno:ApplyStyleDefault
FN_FORMAT_APPLY_HEAD1,.uno:ApplyStyleHead1
FN_FORMAT_APPLY_HEAD2,.uno:ApplyStyleHead2
FN_FORMAT_APPLY_HEAD3,.uno:ApplyStyleHead3
FN_FORMAT_APPLY_TEXTBODY,.uno:ApplyStyleTextbody
FN_FORMAT_BACKGROUND_DLG,.uno:BackgroundDialog
FN_FORMAT_BORDER_DLG,.uno:BorderDialog
FN_FORMAT_COLUMN,.uno:FormatColumns
FN_FORMAT_DROPCAPS,.uno:FormatDropcap
FN_FORMAT_FOOTNOTE_DLG,.uno:FootnoteDialog
FN_FORMAT_FRAME_DLG,.uno:FrameDialog
FN_FORMAT_GRAFIC_DLG,.uno:GraphicDialog
FN_FORMAT_LINENUMBER,.uno:LineNumber
FN_FORMAT_PAGE_COLUMN_DLG,.uno:PageColumnDialog
FN_FORMAT_PAGE_DLG,.uno:PageDialog
FN_FORMAT_RESET,.uno:ResetAttributes
FN_FORMAT_TABLE_DLG,.uno:TableDialog
FN_FRAME_ALIGN_HORZ_CENTER,.uno:AlignHorizontalCenter
FN_FRAME_ALIGN_HORZ_LEFT,.uno:AlignLeft
FN_FRAME_ALIGN_HORZ_RIGHT,.uno:AlignRight
FN_FRAME_ALIGN_VERT_BOTTOM,.uno:AlignBottom
FN_FRAME_ALIGN_VERT_CENTER,.uno:AlignVerticalCenter
FN_FRAME_ALIGN_VERT_CHAR_BOTTOM,.uno:AlignCharBottom
FN_FRAME_ALIGN_VERT_CHAR_CENTER,.uno:AlignVerticalCharCenter
FN_FRAME_ALIGN_VERT_CHAR_TOP,.uno:AlignCharTop
FN_FRAME_ALIGN_VERT_ROW_BOTTOM,.uno:AlignRowBottom
FN_FRAME_ALIGN_VERT_ROW_CENTER,.uno:AlignVerticalRowCenter
FN_FRAME_ALIGN_VERT_ROW_TOP,.uno:AlignRowTop
FN_FRAME_ALIGN_VERT_TOP,.uno:AlignTop
FN_FRAME_CHAIN,.uno:ChainFrames
FN_FRAME_DOWN,.uno:ObjectForwardOne
FN_FRAME_MIRROR_ON_EVEN_PAGES,.uno:MirrorOnEvenPages
FN_FRAME_NOWRAP,.uno:WrapOff
FN_FRAME_TO_ANCHOR,.uno:GoToAnchor
FN_FRAME_UNCHAIN,.uno:UnhainFrames
FN_FRAME_UP,.uno:ObjectBackOne
FN_FRAME_WRAP,.uno:WrapOn
FN_FRAME_WRAPTHRU,.uno:WrapThrough
FN_FRAME_WRAPTHRU_TRANSP,.uno:WrapThroughTransparent
FN_FRAME_WRAP_CONTOUR,.uno:WrapContour
FN_FRAME_WRAP_IDEAL,.uno:WrapIdeal
FN_FRAME_WRAP_LEFT,.uno:WrapLeft
FN_FRAME_WRAP_RIGHT,.uno:WrapRight
FN_GLOSSARY_DLG,.uno:EditGlossary
FN_GOTO_NEXT_CELL,.uno:JumpToNextCell
FN_GOTO_NEXT_INPUTFLD,.uno:GotoNextInputField
FN_GOTO_NEXT_MARK,.uno:GotoNextPlacemarker
FN_GOTO_NEXT_OBJ,.uno:GotoNextObject
FN_GOTO_NEXT_REGION,.uno:JumpToNextRegion
FN_GOTO_PREV_CELL,.uno:JumpToPrevCell
FN_GOTO_PREV_INPUTFLD,.uno:GotoPrevInputField
FN_GOTO_PREV_MARK,.uno:GotoPrevPlacemarker
FN_GOTO_PREV_OBJ,.uno:GotoPrevObject
FN_GOTO_PREV_REGION,.uno:JumpToPrevRegion
FN_GOTO_REFERENCE,.uno:JumpToReference
FN_GRAPHIC_MIRROR_ON_EVEN_PAGES,.uno:MirrorGraphicOnEvenPages
FN_GROW_FONT_SIZE,.uno:Grow
FN_HSCROLLBAR,.uno:HScroll
FN_HYPHENATE_OPT_DLG,.uno:Hyphenate
FN_IDX_MARK_TO_IDX,.uno:IndexMarkToIndex
FN_INC_INDENT_OFFSET,.uno:IncrementIndentValue
FN_INSERT_AUTH_ENTRY_DLG,.uno:InsertAuthoritiesEntry
FN_INSERT_BOOKMARK,.uno:InsertBookmark
FN_INSERT_BREAK,.uno:InsertPara
FN_INSERT_BREAK_DLG,.uno:InsertBreak
FN_INSERT_CAPTION,.uno:InsertCaptionDialog
FN_INSERT_COLUMN_BREAK,.uno:InsertColumnBreak
FN_INSERT_CTRL,.uno:InsertCtrl
FN_INSERT_DBFIELD,.uno:InsertDBField
FN_INSERT_ENDNOTE,.uno:InsertEndnote
FN_INSERT_FIELD,.uno:InsertField
FN_INSERT_FIELD_CTRL,.uno:InsertFieldCtrl
FN_INSERT_FIELD_DATA_ONLY(),.uno:InsertFieldDataOnly
FN_INSERT_FLD_AUTHOR,.uno:InsertAuthorField
FN_INSERT_FLD_DATE,.uno:InsertDateField
FN_INSERT_FLD_PGCOUNT,.uno:InsertPageCountField
FN_INSERT_FLD_PGNUMBER,.uno:InsertPageNumberField
FN_INSERT_FLD_TIME,.uno:InsertTimeField
FN_INSERT_FLD_TITLE,.uno:InsertTitleField
FN_INSERT_FLD_TOPIC,.uno:InsertTopicField
FN_INSERT_FOOTNOTE,.uno:InsertFootnote
FN_INSERT_FOOTNOTE_DLG,.uno:InsertFootnoteDialog
FN_INSERT_FRAME,.uno:InsertFrame
FN_INSERT_FRAME_INTERACT,.uno:InsertFrameInteract
FN_INSERT_FRAME_INTERACT_NOCOL,.uno:InsertFrameInteractNoColumns
FN_INSERT_GLOSSARY,.uno:InsertGlossary
FN_INSERT_HARDHYPHEN,.uno:InsertHardHyphen
FN_INSERT_HARD_SPACE,.uno:InsertNonBreakingSpace
FN_INSERT_HRULER,.uno:InsertGraphicRuler
FN_INSERT_HYPERLINK,.uno:InsertHyperlinkDlg
FN_INSERT_IDX_ENTRY_DLG,.uno:InsertIndexesEntry
FN_INSERT_LINEBREAK,.uno:InsertLinebreak
FN_INSERT_MULTI_TOX,.uno:InsertMultiIndex
FN_INSERT_OBJECT_DLG,.uno:InsertObjectDialog
FN_INSERT_OBJ_CTRL,.uno:InsertObjCtrl
FN_INSERT_PAGEBREAK,.uno:InsertPagebreak
FN_INSERT_PAGEFOOTER,.uno:InsertPageFooter
FN_INSERT_PAGEHEADER,.uno:InsertPageHeader
FN_INSERT_REF_FIELD,.uno:InsertReferenceField
FN_INSERT_REGION,.uno:InsertSection
FN_INSERT_SMA,.uno:InsertObjectStarMath
FN_INSERT_SOFT_HYPHEN,.uno:InsertSoftHyphen
FN_INSERT_STRING,.uno:InsertText
FN_INSERT_SYMBOL,.uno:InsertSymbol
FN_INSERT_TABLE,.uno:InsertTable
FN_JAVAEDIT,.uno:InsertScript
FN_LABEL,.uno:InsertLabels
FN_LINE_DOWN,.uno:GoDown
FN_LINE_DOWN_SEL,.uno:LineDownSel
FN_LINE_NUMBERING_DLG,.uno:LineNumberingDialog
FN_LINE_UP,.uno:GoUp
FN_LINE_UP_SEL,.uno:LineUpSel
FN_MAILMERGE_CHILDWINDOW,.uno:MailmergeChildWindow
FN_MAILMERGE_SENDMAIL_CHILDWINDOW,.uno:SendMailChildWindow
FN_MAILMERGE_WIZARD,.uno:MailMergeWizard
FN_NAME_GROUP,.uno:NameGroup
FN_NAVIGATION_PI_GOTO_PAGE,.uno:GotoPage
FN_NEW_GLOBAL_DOC,.uno:NewGlobalDoc
FN_NEW_GLOSSARY,.uno:NewGlossary
FN_NEW_HTML_DOC,.uno:NewHtmlDoc
FN_NEXT_BOOKMARK,.uno:JumpToNextBookmark
FN_NEXT_FOOTNOTE,.uno:JumpToNextFootnote
FN_NEXT_PARA,.uno:GoToNextPara
FN_NEXT_SENT,.uno:GoToNextSentence
FN_NEXT_SENT_SEL,.uno:GotoNextSentenceSel
FN_NEXT_TABLE,.uno:JumpToNextTable
FN_NEXT_TBLFML,.uno:GotoNextTableFormula
FN_NEXT_TBLFML_ERR,.uno:GotoNextWrongTableFormula
FN_NEXT_TOXMARK,.uno:GotoNextIndexMark
FN_NEXT_WORD,.uno:GoToNextWord
FN_NEXT_WORD_SEL,.uno:WordRightSel
FN_NUMBERING_OUTLINE_DLG,.uno:ChapterNumberingDialog
FN_NUMBER_BULLETS,.uno:BulletsAndNumberingDialog
FN_NUMBER_CURRENCY,.uno:NumberFormatCurrency
FN_NUMBER_DATE,.uno:NumberFormatDate
FN_NUMBER_FORMAT,.uno:NumberFormat
FN_NUMBER_NEWSTART,.uno:NumberingStart
FN_NUMBER_NEWSTART_AT,.uno:NumNewStartAt
FN_NUMBER_PERCENT,.uno:NumberFormatPercent
FN_NUMBER_SCIENTIFIC,.uno:NumberFormatScientific
FN_NUMBER_STANDARD,.uno:NumberFormatStandard
FN_NUMBER_TIME,.uno:NumberFormatTime
FN_NUMBER_TWODEC,.uno:NumberFormatDecimal
FN_NUM_BULLET_DOWN,.uno:DecrementLevel
FN_NUM_BULLET_MOVEDOWN,.uno:MoveDown
FN_NUM_BULLET_MOVEUP,.uno:MoveUp
FN_NUM_BULLET_NEXT,.uno:JumpDownThisLevel
FN_NUM_BULLET_NONUM,.uno:InsertNeutralParagraph
FN_NUM_BULLET_OFF,.uno:RemoveBullets
FN_NUM_BULLET_ON,.uno:DefaultBullet
FN_NUM_BULLET_OUTLINE_DOWN,.uno:DecrementSubLevels
FN_NUM_BULLET_OUTLINE_MOVEDOWN,.uno:MoveDownSubItems
FN_NUM_BULLET_OUTLINE_MOVEUP,.uno:MoveUpSubItems
FN_NUM_BULLET_OUTLINE_UP,.uno:IncrementSubLevels
FN_NUM_BULLET_PREV,.uno:JumpUpThisLevel
FN_NUM_BULLET_UP,.uno:IncrementLevel
FN_NUM_FORMAT_TABLE_DLG,.uno:TableNumberFormatDialog
FN_NUM_NUMBERING_ON,.uno:DefaultNumbering
FN_NUM_OR_NONUM,.uno:NumberOrNoNumber
FN_OPTIMIZE_TABLE,.uno:OptimizeTable
FN_OUTLINE_TO_CLIPBOARD,.uno:SendOutlineToClipboard
FN_OUTLINE_TO_IMPRESS,.uno:SendOutlineToStarImpress
FN_PAGEDOWN,.uno:PageDown
FN_PAGEDOWN_SEL,.uno:PageDownSel
FN_PAGEUP,.uno:PageUp
FN_PAGEUP_SEL,.uno:PageUpSel
FN_PASTESPECIAL,.uno:PasteSpecial
FN_POSTIT,.uno:InsertAnnotation
FN_PREVIEW_PRINT_OPTIONS,.uno:PreviewPrintOptions
FN_PREVIEW_ZOOM,.uno:PreviewZoom
FN_PREV_BOOKMARK,.uno:JumpToPrevBookmark
FN_PREV_FOOTNOTE,.uno:JumpToPrevFootnote
FN_PREV_PARA,.uno:GoToPrevPara
FN_PREV_SENT,.uno:GoToPrevSentence
FN_PREV_SENT_SEL,.uno:GotoPrevSentenceSel
FN_PREV_TABLE,.uno:JumpToPrevTable
FN_PREV_TBLFML,.uno:GotoPrevTableFormula
FN_PREV_TBLFML_ERR,.uno:GotoPrevWrongTableFormula
FN_PREV_TOXMARK,.uno:GotoPrevIndexMark
FN_PREV_WORD,.uno:GoToPrevWord
FN_PREV_WORD_SEL,.uno:WordLeftSel
FN_PRINT_LAYOUT,.uno:PrintLayout
FN_PRINT_PAGEPREVIEW,.uno:PrintPagePreView
FN_QRY_INSERT,.uno:SbaInsert
FN_QRY_INSERT_FIELD,.uno:SbaInsertField
FN_QRY_MERGE,.uno:MergeDialog
FN_QRY_MERGE_FIELD,.uno:SbaMerge
FN_READONLY_SELECTION_MODE,.uno:SelectTextMode
FN_REDLINE_ACCEPT,.uno:AcceptTrackedChanges
FN_REDLINE_COMMENT,.uno:CommentChangeTracking
FN_REDLINE_ON,.uno:TrackChanges
FN_REDLINE_PROTECT,.uno:ProtectTraceChangeMode
FN_REDLINE_SHOW,.uno:ShowTrackedChanges
FN_REFRESH_VIEW,.uno:RefreshView
FN_REMOVE_CUR_TOX,.uno:RemoveTableOf
FN_REPAGINATE,.uno:Repaginate
FN_REPEAT_SEARCH,.uno:RepeatSearch
FN_RULER,.uno:Ruler
FN_SBA_BRW_INSERT,.uno:SwBrwInsert
FN_SBA_BRW_MERGE,.uno:SwMailMerge
FN_SBA_BRW_UPDATE,.uno:SwUpdate
FN_SCROLL_NAVIGATION,.uno:ScrollNavigation
FN_SCROLL_NEXT_PREV,.uno:ScrollNextPrev
FN_SELECT_PARA,.uno:SelectText
FN_SELECT_WORD,.uno:SelectWord
FN_SET_ACT_GLOSSARY,.uno:SetActGlossaryGroup
FN_SET_ADD_MODE,.uno:SetMultiSelection
FN_SET_EXT_MODE,.uno:SetExtSelection
FN_SET_MODOPT_TBLNUMFMT,.uno:TableNumberRecognition
FN_SET_PAGE_STYLE,.uno:PageStyleApply
FN_SET_SUB_SCRIPT,.uno:SubScript
FN_SET_SUPER_SCRIPT,.uno:SuperScript
FN_SHADOWCURSOR,.uno:ShadowCursor
FN_SHIFT_BACKSPACE,.uno:ShiftBackspace
FN_SHOW_BOOKVIEW,.uno:ShowBookview
FN_SHOW_MULTIPLE_PAGES,.uno:ShowMultiplePages
FN_SHOW_TWO_PAGES,.uno:ShowTwoPages
FN_SHRINK_FONT_SIZE,.uno:Shrink
FN_SORTING_DLG,.uno:SortDialog
FN_START_DOC_DIRECT,.uno:JumpToStartOfDoc
FN_START_OF_COLUMN,.uno:GoToStartOfColumn
FN_START_OF_DOCUMENT,.uno:GoToStartOfDoc
FN_START_OF_DOCUMENT_SEL,.uno:StartOfDocumentSel
FN_START_OF_LINE,.uno:GoToStartOfLine
FN_START_OF_LINE_SEL,.uno:StartOfLineSel
FN_START_OF_NEXT_COLUMN,.uno:GoToStartOfNextColumn
FN_START_OF_NEXT_PAGE,.uno:GoToStartOfNextPage
FN_START_OF_NEXT_PAGE_SEL,.uno:GoToStartOfNextPageSel
FN_START_OF_PAGE,.uno:GoToStartOfPage
FN_START_OF_PAGE_SEL,.uno:GoToStartOfPageSel
FN_START_OF_PARA,.uno:GoToStartOfPara
FN_START_OF_PARA_SEL,.uno:StartOfParaSel
FN_START_OF_PREV_COLUMN,.uno:GoToStartOfPrevColumn
FN_START_OF_PREV_PAGE,.uno:GoToStartOfPrevPage
FN_START_OF_PREV_PAGE_SEL,.uno:GoToStartOfPrevPageSel
FN_START_TABLE,.uno:GoToStartOfTable
FN_STAT_BOOKMARK,.uno:StateBookmark
FN_STAT_HYPERLINKS,.uno:ExecHyperlinks
FN_STAT_PAGE,.uno:StatePageNumber
FN_STAT_SELMODE,.uno:SelectionMode
FN_STAT_TEMPLATE,.uno:PageStyleName
FN_STAT_ZOOM,.uno:StateZoom
FN_SYNC_LABELS,.uno:SynchronizeLabelsDlg
FN_TABLE_ADJUST_CELLS,.uno:SetOptimalColumnWidth
FN_TABLE_AUTOSUM,.uno:AutoSum
FN_TABLE_BALANCE_CELLS,.uno:DistributeColumns
FN_TABLE_BALANCE_ROWS,.uno:DistributeRows
FN_TABLE_DELETE_COL,.uno:DeleteColumns
FN_TABLE_DELETE_ROW,.uno:DeleteRows
FN_TABLE_DELETE_TABLE,.uno:DeleteTable
FN_TABLE_HEADLINE_REPEAT,.uno:HeadingRowsRepeat
FN_TABLE_INSERT_COL,.uno:InsertColumns
FN_TABLE_INSERT_COL_DLG,.uno:InsertColumnDialog
FN_TABLE_INSERT_ROW,.uno:InsertRows
FN_TABLE_INSERT_ROW_DLG,.uno:InsertRowDialog
FN_TABLE_MERGE_CELLS,.uno:MergeCells
FN_TABLE_MERGE_TABLE,.uno:MergeTable
FN_TABLE_MODE_FIX,.uno:TableModeFix
FN_TABLE_MODE_FIX_PROP,.uno:TableModeFixProp
FN_TABLE_MODE_VARIABLE,.uno:TableModeVariable
FN_TABLE_OPTIMAL_HEIGHT,.uno:SetOptimalRowHeight
FN_TABLE_ROW_SPLIT,.uno:RowSplit
FN_TABLE_SELECT_ALL,.uno:SelectTable
FN_TABLE_SELECT_CELL,.uno:EntireCell
FN_TABLE_SELECT_COL,.uno:EntireColumn
FN_TABLE_SELECT_ROW,.uno:EntireRow
FN_TABLE_SET_COL_WIDTH,.uno:SetColumnWidth
FN_TABLE_SET_READ_ONLY_CELLS,.uno:Protect
FN_TABLE_SET_ROW_HEIGHT,.uno:SetRowHeight
FN_TABLE_SORT_DIALOG,.uno:TableSort
FN_TABLE_SPLIT_CELLS,.uno:SplitCell
FN_TABLE_SPLIT_TABLE,.uno:SplitTable
FN_TABLE_UNSET_READ_ONLY,.uno:ResetTableProtection
FN_TABLE_UNSET_READ_ONLY_CELLS,.uno:UnsetCellsReadOnly
FN_TABLE_VERT_BOTTOM,.uno:CellVertBottom
FN_TABLE_VERT_CENTER,.uno:CellVertCenter
FN_TABLE_VERT_NONE,.uno:CellVertTop
FN_THESAURUS_DLG,.uno:ThesaurusDialog
FN_TOOL_ANKER,.uno:ToggleAnchorType
FN_TOOL_ANKER_AT_CHAR,.uno:SetAnchorAtChar
FN_TOOL_ANKER_CHAR,.uno:SetAnchorToChar
FN_TOOL_ANKER_FRAME,.uno:SetAnchorToFrame
FN_TOOL_ANKER_PAGE,.uno:SetAnchorToPage
FN_TOOL_ANKER_PARAGRAPH,.uno:SetAnchorToPara
FN_TOOL_HIERARCHIE,.uno:ToggleObjectLayer
FN_TO_FOOTER,.uno:JumpToFooter
FN_TO_FOOTNOTE_AREA,.uno:JumpToFootnoteArea
FN_TO_HEADER,.uno:JumpToHeader
FN_TXTATR_INET,.uno:HyperlinkAttributes
FN_UNDERLINE_DOUBLE,.uno:UnderlineDouble
FN_UPDATE_ALL,.uno:UpdateAll
FN_UPDATE_ALL_LINKS,.uno:UpdateAllLinks
FN_UPDATE_CHARTS,.uno:UpdateCharts
FN_UPDATE_CUR_TOX,.uno:UpdateCurIndex
FN_UPDATE_FIELDS,.uno:UpdateFields
FN_UPDATE_INPUTFIELDS,.uno:UpdateInputFields
FN_UPDATE_TOX,.uno:UpdateAllIndexes
FN_VIEW_BOUNDS,.uno:ViewBounds
FN_VIEW_FIELDNAME,.uno:Fieldnames
FN_VIEW_FIELDS,.uno:Fields
FN_VIEW_GRAPHIC,.uno:Graphic
FN_VIEW_HIDDEN_PARA,.uno:ShowHiddenParagraphs
FN_VIEW_MARKS,.uno:Marks
FN_VIEW_META_CHARS,.uno:ControlCodes
FN_VIEW_TABLEGRID,.uno:TableBoundaries
FN_VLINEAL,.uno:VRuler
FN_VSCROLLBAR,.uno:VScroll
FN_WORDCOUNT_DIALOG,.uno:WordCountDialog
FN_WRAP_ANCHOR_ONLY,.uno:WrapAnchorOnly
FN_XFORMS_DESIGN_MODE,.uno:SwitchXFormsDesignMode
FN_XFORMS_INIT,.uno:NewXForms
FontHeight,.uno:
SID_3D_ASSIGN,.uno:Assign3D
SID_3D_CONE,.uno:Cone
SID_3D_CUBE,.uno:Cube
SID_3D_CYLINDER,.uno:Cylinder
SID_3D_HALF_SPHERE,.uno:HalfSphere
SID_3D_INIT,.uno:Init3D
SID_3D_PYRAMID,.uno:Cyramid
SID_3D_SHELL,.uno:Shell3D
SID_3D_SPHERE,.uno:Sphere
SID_3D_STATE,.uno:State3D
SID_3D_TORUS,.uno:Torus
SID_3D_WIN,.uno:Window3D
SID_ABOUT,.uno:About
SID_ACTIONMODE,.uno:ActionMode
SID_ACTIVATE,.uno:Activate
SID_ACTIVE_OBJ_NAME,.uno:SelectedObjectName
SID_ADDONHELP,.uno:AddonHelp
SID_ADDONS,.uno:Addons
SID_ADDRESS_DATA_SOURCE,.uno:AutoPilotAddressDataSource
SID_ADD_IN_MANAGER,.uno:AddInManager
SID_ADD_PRINTAREA,.uno:AddPrintArea
SID_ALIGNBLOCK,.uno:AlignBlock
SID_ALIGNBOTTOM,.uno:AlignBottom
SID_ALIGNCENTERHOR,.uno:AlignHorizontalCenter
SID_ALIGNCENTERVER,.uno:AlignVCenter
SID_ALIGNCURSOR,.uno:GoToCurrentCell
SID_ALIGNLEFT,.uno:AlignLeft
SID_ALIGNRIGHT,.uno:AlignRight
SID_ALIGNTOP,.uno:AlignTop
SID_ALIGN_ANY_BOTTOM,.uno:CommonAlignBottom
SID_ALIGN_ANY_HCENTER,.uno:CommonAlignHorizontalCenter
SID_ALIGN_ANY_HDEFAULT,.uno:CommonAlignHorizontalDefault
SID_ALIGN_ANY_JUSTIFIED,.uno:CommonAlignJustified
SID_ALIGN_ANY_LEFT,.uno:CommonAlignLeft
SID_ALIGN_ANY_RIGHT,.uno:CommonAlignRight
SID_ALIGN_ANY_TOP,.uno:CommonAlignTop
SID_ALIGN_ANY_VCENTER,.uno:CommonAlignVerticalCenter
SID_ALIGN_ANY_VDEFAULT,.uno:CommonAlignVerticalDefault
SID_ANCHOR_CELL,.uno:SetAnchorToCell
SID_ANCHOR_PAGE,.uno:SetAnchorToPage
SID_ANCHOR_TOGGLE,.uno:ToggleAnchorType
SID_ANIMATION_EFFECTS,.uno:AnimationEffects
SID_ANIMATION_OBJECTS,.uno:AnimationObjects
SID_ANIMATOR_ADD,.uno:AnimatorAddObject
SID_ANIMATOR_CREATE,.uno:AnimatorCreateObject
SID_ANIMATOR_INIT,.uno:AnimatorInit
SID_ANIMATOR_STATE,.uno:AnimatorState
SID_ATTRIBUTES_AREA,.uno:FormatArea
SID_ATTRIBUTES_LINE,.uno:FormatLine
SID_ATTR_ALIGN_DEGREES,.uno:AlignmentRotation
SID_ATTR_ALIGN_HOR_JUSTIFY,.uno:HorizontalJustification
SID_ATTR_ALIGN_HYPHENATION,.uno:AlignmentHyphenation
SID_ATTR_ALIGN_INDENT,.uno:AlignmentIndent
SID_ATTR_ALIGN_LINEBREAK,.uno:WrapText
SID_ATTR_ALIGN_LOCKPOS,.uno:AlignmentRotationMode
SID_ATTR_ALIGN_MARGIN,.uno:AlignmentMargin
SID_ATTR_ALIGN_STACKED,.uno:AlignmentStacked
SID_ATTR_ALIGN_VER_JUSTIFY,.uno:VerticalJustification
SID_ATTR_AUTO_COLOR_INVALID,.uno:AutoColorInvalid
SID_ATTR_BORDER,.uno:SetBorderStyle
SID_ATTR_BORDER_INNER,.uno:BorderInner
SID_ATTR_BORDER_OUTER,.uno:BorderOuter
SID_ATTR_BORDER_SHADOW,.uno:BorderShadow
SID_ATTR_BRUSH,.uno:BackgroundPattern
SID_ATTR_BRUSH_CHAR,.uno:CharacterBackgroundPattern
SID_ATTR_BRUSH_ROW,.uno:TableRowBackground
SID_ATTR_BRUSH_TABLE,.uno:TableBackground
SID_ATTR_CHAR,.uno:Text
SID_ATTR_CHAR_AUTOKERN,.uno:PairKerning
SID_ATTR_CHAR_CASEMAP,.uno:CaseMap
SID_ATTR_CHAR_CJK_FONT,.uno:CharFontNameCJK
SID_ATTR_CHAR_CJK_FONTHEIGHT,.uno:FontHeightCJK
SID_ATTR_CHAR_CJK_LANGUAGE,.uno:DocumentLanguageCJK
SID_ATTR_CHAR_CJK_POSTURE,.uno:ItalicCJK
SID_ATTR_CHAR_CJK_WEIGHT,.uno:BoldCJK
SID_ATTR_CHAR_COLOR,.uno:Color
SID_ATTR_CHAR_COLOR2,.uno:FontColor
SID_ATTR_CHAR_COLOR_BACKGROUND,.uno:BackColor
SID_ATTR_CHAR_COLOR_BACKGROUND_EXT,.uno:CharBackgroundExt
SID_ATTR_CHAR_COLOR_EXT,.uno:CharColorExt
SID_ATTR_CHAR_CONTOUR,.uno:OutlineFont
SID_ATTR_CHAR_CTL_FONT,.uno:CharFontNameCTL
SID_ATTR_CHAR_CTL_FONTHEIGHT,.uno:FontHeightCTL
SID_ATTR_CHAR_CTL_LANGUAGE,.uno:DocumentLanguageCTL
SID_ATTR_CHAR_CTL_POSTURE,.uno:ItalicCTL
SID_ATTR_CHAR_CTL_WEIGHT,.uno:BoldCTL
SID_ATTR_CHAR_EMPHASISMARK,.uno:EmphasisMark
SID_ATTR_CHAR_ESCAPEMENT,.uno:Escapement
SID_ATTR_CHAR_FONT,.uno:CharFontName
SID_ATTR_CHAR_FONTLIST,.uno:FontNameList
SID_ATTR_CHAR_KERNING,.uno:Spacing
SID_ATTR_CHAR_LANGUAGE,.uno:Language
SID_ATTR_CHAR_LATIN_FONT,.uno:CharFontNameLatin
SID_ATTR_CHAR_LATIN_FONTHEIGHT,.uno:FontHeighLatin
SID_ATTR_CHAR_LATIN_LANGUAGE,.uno:LanguageLatin
SID_ATTR_CHAR_LATIN_POSTURE,.uno:ItalicLatin
SID_ATTR_CHAR_LATIN_WEIGHT,.uno:BoldLatin
SID_ATTR_CHAR_POSTURE,.uno:Italic
SID_ATTR_CHAR_RELIEF,.uno:CharacterRelief
SID_ATTR_CHAR_ROTATED,.uno:CharacterRotation
SID_ATTR_CHAR_SCALEWIDTH,.uno:CharacterWidthScalingFactor
SID_ATTR_CHAR_SHADOWED,.uno:Shadowed
SID_ATTR_CHAR_STRIKEOUT,.uno:Strikeout
SID_ATTR_CHAR_UNDERLINE,.uno:Underline
SID_ATTR_CHAR_WEIGHT,.uno:Bold
SID_ATTR_CHAR_WORDLINEMODE,.uno:WordMode
SID_ATTR_DEFTABSTOP,.uno:DefTabStop
SID_ATTR_FILL_BITMAP,.uno:FillBitmap
SID_ATTR_FILL_COLOR,.uno:FillColor
SID_ATTR_FILL_GRADIENT,.uno:FillGradient
SID_ATTR_FILL_HATCH,.uno:FillHatch
SID_ATTR_FILL_SHADOW,.uno:FillShadow
SID_ATTR_FILL_STYLE,.uno:FillStyle
SID_ATTR_FLASH,.uno:Flash
SID_ATTR_GRAF_BLUE,.uno:GrafBlue
SID_ATTR_GRAF_CONTRAST,.uno:GrafContrast
SID_ATTR_GRAF_CROP,.uno:GrafAttrCrop
SID_ATTR_GRAF_GAMMA,.uno:GrafGamma
SID_ATTR_GRAF_GREEN,.uno:GrafGreen
SID_ATTR_GRAF_INVERT,.uno:GrafInvert
SID_ATTR_GRAF_LUMINANCE,.uno:GrafLuminance
SID_ATTR_GRAF_MODE,.uno:GrafMode
SID_ATTR_GRAF_RED,.uno:GrafRed
SID_ATTR_GRAF_TRANSPARENCE,.uno:GrafTransparence
SID_ATTR_INSERT,.uno:InsertMode
SID_ATTR_LANGUAGE,.uno:DocumentLanguage
SID_ATTR_LINEEND_STYLE,.uno:LineEndStyle
SID_ATTR_LINE_COLOR,.uno:XLineColor
SID_ATTR_LINE_DASH,.uno:LineDash
SID_ATTR_LINE_STYLE,.uno:XLineStyle
SID_ATTR_LINE_WIDTH,.uno:LineWidth
SID_ATTR_LONG_LRSPACE,.uno:SetLongLeftRightMargin
SID_ATTR_LONG_ULSPACE,.uno:SetLongTopBottomMargin
SID_ATTR_LRSPACE,.uno:LeftRightMargin
SID_ATTR_METRIC,.uno:MetricUnit
SID_ATTR_NUMBERFORMAT_VALUE,.uno:NumberFormatValue
SID_ATTR_PAGE,.uno:AttributePage
SID_ATTR_PAGE_MAXSIZE,.uno:SetPageMaxSize
SID_ATTR_PAGE_PAPERBIN,.uno:PagePaperBin
SID_ATTR_PAGE_SIZE,.uno:AttributePageSize
SID_ATTR_PARA_ADJUST,.uno:Alignment
SID_ATTR_PARA_ADJUST_BLOCK,.uno:JustifyPara
SID_ATTR_PARA_ADJUST_CENTER,.uno:CenterPara
SID_ATTR_PARA_ADJUST_LEFT,.uno:LeftPara
SID_ATTR_PARA_ADJUST_RIGHT,.uno:RightPara
SID_ATTR_PARA_HYPHENZONE,.uno:SetHyphenZone
SID_ATTR_PARA_KEEP,.uno:ParaKeepTogether
SID_ATTR_PARA_LEFT_TO_RIGHT,.uno:ParaLeftToRight
SID_ATTR_PARA_LINESPACE,.uno:LineSpacing
SID_ATTR_PARA_LINESPACE_10,.uno:SpacePara1
SID_ATTR_PARA_LINESPACE_15,.uno:SpacePara15
SID_ATTR_PARA_LINESPACE_20,.uno:SpacePara2
SID_ATTR_PARA_LRSPACE,.uno:LeftRightParaMargin
SID_ATTR_PARA_LRSPACE_VERTICAL,.uno:LeftRightParaMargin_Vertical
SID_ATTR_PARA_MODEL,.uno:AttributeParaModel
SID_ATTR_PARA_NUMRULE,.uno:NumRule
SID_ATTR_PARA_ORPHANS,.uno:Orphan
SID_ATTR_PARA_PAGEBREAK,.uno:Pagebreak
SID_ATTR_PARA_PAGENUM,.uno:PageNumber
SID_ATTR_PARA_REGISTER,.uno:RegisterTrue
SID_ATTR_PARA_RIGHT_TO_LEFT,.uno:ParaRightToLeft
SID_ATTR_PARA_SPLIT,.uno:ParaSplit
SID_ATTR_PARA_WIDOWS,.uno:Widow
SID_ATTR_POSITION,.uno:Position
SID_ATTR_SIZE,.uno:Size
SID_ATTR_TABLE,.uno:InsertSpreadsheet
SID_ATTR_TABSTOP,.uno:Tabstops
SID_ATTR_TABSTOP_VERTICAL,.uno:TabstopsVertical
SID_ATTR_TEXT_FITTOSIZE,.uno:TextFitToSize
SID_ATTR_TRANSFORM,.uno:TransformDialog
SID_ATTR_ULSPACE,.uno:TopBottomMargin
SID_ATTR_UNDO_COUNT,.uno:UndoCount
SID_ATTR_YEAR2000,.uno:Year2000
SID_ATTR_ZOOM,.uno:Zoom
SID_AUTOFILTER_HIDE,.uno:DataFilterHideAutoFilter
SID_AUTOFORMAT,.uno:AutoFormat
SID_AUTOHIDE,.uno:AutoHide
SID_AUTOPILOTMENU,.uno:AutoPilotMenu
SID_AUTOSPELL_CHECK,.uno:SpellOnline
SID_AUTOSPELL_MARKOFF,.uno:HideSpellMark
SID_AUTO_CORRECT_DLG,.uno:AutoCorrectDlg
SID_AUTO_FILTER,.uno:DataFilterAutoFilter
SID_AUTO_OUTLINE,.uno:AutoOutline
SID_AUTO_STYLE,.uno:AutoStyle
SID_AVAILABLE_TOOLBARS,.uno:AvailableToolbars
SID_AVMEDIA_PLAYER,.uno:AVMediaPlayer
SID_AVMEDIA_TOOLBOX,.uno:AVMediaToolBox
SID_BACKGROUND_COLOR,.uno:BackgroundColor
SID_BACKGROUND_PATTERN,.uno:BackgroundPatternController
SID_BACKSPACE,.uno:Backspace
SID_BACKTOWEBTOP,.uno:BackToWebtop
SID_BASICBREAK,.uno:BasicBreak
SID_BASICCHOOSER,.uno:MacroDialog
SID_BASICCOMPILE,.uno:CompileBasic
SID_BASICIDE_ADDWATCH,.uno:AddWatch
SID_BASICIDE_APPEAR,.uno:BasicIDEAppear
SID_BASICIDE_BRKPNTSCHANGED,.uno:BreakPointsChanged
SID_BASICIDE_CHOOSEMACRO,.uno:ChooseMacro
SID_BASICIDE_CREATEMACRO,.uno:CreateMacro
SID_BASICIDE_DELETECURRENT,.uno:DeleteCurrent
SID_BASICIDE_EDITMACRO,.uno:EditMacro
SID_BASICIDE_HIDECURPAGE,.uno:HideCurPage
SID_BASICIDE_LIBLOADED,.uno:LibLoaded
SID_BASICIDE_LIBREMOVED,.uno:LibRemoved
SID_BASICIDE_LIBSELECTED,.uno:LibSelect
SID_BASICIDE_LIBSELECTOR,.uno:LibSelector
SID_BASICIDE_MANAGEBRKPNTS,.uno:ManageBreakPoints
SID_BASICIDE_MATCHGROUP,.uno:MatchGroup
SID_BASICIDE_MODULEDLG,.uno:ModuleDialog
SID_BASICIDE_NAMECHANGEDONTAB,.uno:NameChangedOnTab
SID_BASICIDE_NEWDIALOG,.uno:NewDialog
SID_BASICIDE_NEWJAVAMODULE,.uno:NewJavaModule
SID_BASICIDE_NEWMODULE,.uno:NewModule
SID_BASICIDE_OBJCAT,.uno:ObjectCatalog
SID_BASICIDE_REMOVEWATCH,.uno:RemoveWatch
SID_BASICIDE_RENAMECURRENT,.uno:RenameCurrent
SID_BASICIDE_SBXDELETED,.uno:SbxDeleted
SID_BASICIDE_SBXINSERTED,.uno:SbxInserted
SID_BASICIDE_SBXRENAMED,.uno:SbxRenamed
SID_BASICIDE_SHOWSBX,.uno:ShowSbx
SID_BASICIDE_SHOWWINDOW,.uno:BasicIDEShowWindow
SID_BASICIDE_STAT_DATE,.uno:StatusGetDate
SID_BASICIDE_STAT_POS,.uno:StatusGetPosition
SID_BASICIDE_STAT_TITLE,.uno:StatusGetTitle
SID_BASICIDE_STOREALLMODULESOURCES,.uno:StoreAllModuleSources
SID_BASICIDE_STOREMODULESOURCE,.uno:StoreModuleSource
SID_BASICIDE_TOGGLEBRKPNT,.uno:ToggleBreakPoint
SID_BASICIDE_TOGGLEBRKPNTENABLED,.uno:ToggleBreakPointEnabled
SID_BASICIDE_UPDATEALLMODULESOURCES,.uno:UpdateAllModuleSources
SID_BASICIDE_UPDATEMODULESOURCE,.uno:UpdateModuleSource
SID_BASICLOAD,.uno:LoadBasic
SID_BASICRUN,.uno:RunBasic
SID_BASICSAVEAS,.uno:SaveBasicAs
SID_BASICSTEPINTO,.uno:BasicStepInto
SID_BASICSTEPOUT,.uno:BasicStepOut
SID_BASICSTEPOVER,.uno:BasicStepOver
SID_BASICSTOP,.uno:BasicStop
SID_BEFORE_OBJ,.uno:BeforeObject
SID_BEHIND_OBJ,.uno:BehindObject
SID_BEZIERTO,.uno:BezierTo
SID_BEZIER_APPEND,.uno:BezierAppend
SID_BEZIER_CLOSE,.uno:BezierClose
SID_BEZIER_CONVERT,.uno:BezierConvert
SID_BEZIER_CUTLINE,.uno:BezierCutLine
SID_BEZIER_DELETE,.uno:BezierDelete
SID_BEZIER_EDGE,.uno:BezierEdge
SID_BEZIER_EDIT,.uno:ToggleObjectBezierMode
SID_BEZIER_ELIMINATE_POINTS,.uno:BezierEliminatePoints
SID_BEZIER_INSERT,.uno:BezierInsert
SID_BEZIER_MOVE,.uno:BezierMove
SID_BEZIER_SMOOTH,.uno:BezierSmooth
SID_BEZIER_SYMMTR,.uno:BezierSymmetric
SID_BIG_HANDLES,.uno:BigHandles
SID_BITMAP_LIST,.uno:BitmapListState
SID_BMPMASK,.uno:BmpMask
SID_BMPMASK_EXEC,.uno:BmpMaskExec
SID_BMPMASK_PIPETTE,.uno:BmpMaskPipette
SID_BORDER_OBJECT,.uno:Border
SID_BORDER_REDUCED_MODE,.uno:BorderReducedMode
SID_BREAK,.uno:Break
SID_BROWSER,.uno:Beamer
SID_BROWSER_MODE,.uno:BrowseView
SID_BROWSE_BACKWARD,.uno:BrowseBackward
SID_BROWSE_FORWARD,.uno:BrowseForward
SID_BROWSE_STOP,.uno:Stop
SID_BUILD_VERSION,.uno:BuildVersion
SID_BULLET,.uno:Bullet
SID_CANCEL,.uno:Cancel
SID_CAPTION,.uno:Caption
SID_CAPTUREPOINT,.uno:CapturePoint
SID_CELL_FORMAT_RESET,.uno:ResetAttributes
SID_CHANGEBEZIER,.uno:ChangeBezier
SID_CHANGEPOLYGON,.uno:ChangePolygon
SID_CHANGE_PRINTAREA,.uno:ChangePrintArea
SID_CHARMAP,.uno:InsertSymbol
SID_CHART_ADDSOURCE,.uno:AddChartData
SID_CHART_SOURCE,.uno:ChangeChartData
SID_CHAR_DLG,.uno:FontDialog
SID_CHECK_KEY,.uno:CheckKey
SID_CHG_PROTECT,.uno:ProtectTraceChangeMode
SID_CHINESE_CONVERSION,.uno:ChineseConversion
SID_CHOOSE_CONTROLS,.uno:ChooseControls
SID_CHOOSE_DESIGN,.uno:ChooseDesign
SID_CHOOSE_POLYGON,.uno:ChoosePolygon
SID_CLEARHISTORY,.uno:ClearHistory
SID_CLEARMEMCACHE,.uno:ClearMemCache
SID_CLICK_CHANGE_ROTATION,.uno:ClickChangeRotation
SID_CLIPBOARD_FORMAT_ITEMS,.uno:ClipboardFormatItems
SID_CLOSEDOC,.uno:CloseDoc
SID_CLOSEDOCS,.uno:CloseDocs
SID_CLOSEWIN,.uno:CloseWin
SID_CLOSEWINS,.uno:CloseWins
SID_CLOSE_MASTER_VIEW,.uno:CloseMasterView
SID_CLOSING,.uno:Closing
SID_COLORVIEW,.uno:ColorView
SID_COLOR_CONTROL,.uno:ColorControl
SID_COLOR_SETTINGS,.uno:ColorSettings
SID_COLOR_TABLE,.uno:ColorTableState
SID_COMBINE,.uno:Combine
SID_COMP_BIBLIOGRAPHY,.uno:BibliographyComponent
SID_CONFIG,.uno:ConfigureDialog
SID_CONFIGACCEL,.uno:LoadAccel
SID_CONFIGEVENT,.uno:LoadEvents
SID_CONFIGMENU,.uno:LoadMenu
SID_CONFIGSTATUSBAR,.uno:LoadStatusBar
SID_CONNECT,.uno:Connect
SID_CONNECTION_DLG,.uno:ConnectorAttributes
SID_CONNECTION_NEW_ROUTING,.uno:NewRouting
SID_CONNECTOR_ARROWS,.uno:ConnectorArrows
SID_CONNECTOR_ARROW_END,.uno:ConnectorArrowEnd
SID_CONNECTOR_ARROW_START,.uno:ConnectorArrowStart
SID_CONNECTOR_CIRCLES,.uno:ConnectorCircles
SID_CONNECTOR_CIRCLE_END,.uno:ConnectorCircleEnd
SID_CONNECTOR_CIRCLE_START,.uno:ConnectorCircleStart
SID_CONNECTOR_CURVE,.uno:ConnectorCurve
SID_CONNECTOR_CURVE_ARROWS,.uno:ConnectorCurveArrows
SID_CONNECTOR_CURVE_ARROW_END,.uno:ConnectorCurveArrowEnd
SID_CONNECTOR_CURVE_ARROW_START,.uno:ConnectorCurveArrowStart
SID_CONNECTOR_CURVE_CIRCLES,.uno:ConnectorCurveCircles
SID_CONNECTOR_CURVE_CIRCLE_END,.uno:ConnectorCurveCircleEnd
SID_CONNECTOR_CURVE_CIRCLE_START,.uno:ConnectorCurveCircleStart
SID_CONNECTOR_LINE,.uno:ConnectorLine
SID_CONNECTOR_LINES,.uno:ConnectorLines
SID_CONNECTOR_LINES_ARROWS,.uno:ConnectorLinesArrows
SID_CONNECTOR_LINES_ARROW_END,.uno:ConnectorLinesArrowEnd
SID_CONNECTOR_LINES_ARROW_START,.uno:ConnectorLinesArrowStart
SID_CONNECTOR_LINES_CIRCLES,.uno:ConnectorLinesCircles
SID_CONNECTOR_LINES_CIRCLE_END,.uno:ConnectorLinesCircleEnd
SID_CONNECTOR_LINES_CIRCLE_START,.uno:ConnectorLinesCircleStart
SID_CONNECTOR_LINE_ARROWS,.uno:ConnectorLineArrows
SID_CONNECTOR_LINE_ARROW_END,.uno:ConnectorLineArrowEnd
SID_CONNECTOR_LINE_ARROW_START,.uno:ConnectorLineArrowStart
SID_CONNECTOR_LINE_CIRCLES,.uno:ConnectorLineCircles
SID_CONNECTOR_LINE_CIRCLE_END,.uno:ConnectorLineCircleEnd
SID_CONNECTOR_LINE_CIRCLE_START,.uno:ConnectorLineCircleStart
SID_CONSOLIDATE,.uno:ConsolidateExec
SID_CONTEXT,.uno:Context
SID_CONTOUR_DLG,.uno:ContourDialog
SID_CONTOUR_EXEC,.uno:ContourExecute
SID_CONVERT_TO_1BIT_MATRIX,.uno:ConvertTo1BitMatrix
SID_CONVERT_TO_1BIT_THRESHOLD,.uno:ConvertTo1BitThreshold
SID_CONVERT_TO_3D,.uno:ConvertInto3D
SID_CONVERT_TO_3D_LATHE,.uno:ConvertInto3DLathe
SID_CONVERT_TO_3D_LATHE_FAST,.uno:ConvertInto3DLatheFast
SID_CONVERT_TO_4BIT_COLORS,.uno:ConvertTo4BitColors
SID_CONVERT_TO_4BIT_GRAYS,.uno:ConvertTo4BitGrays
SID_CONVERT_TO_8BIT_COLORS,.uno:ConvertTo8BitColors
SID_CONVERT_TO_8BIT_GRAYS,.uno:ConvertTo8BitGrays
SID_CONVERT_TO_24BIT,.uno:ConvertToTrueColor
SID_CONVERT_TO_BITMAP,.uno:ConvertIntoBitmap
SID_CONVERT_TO_CONTOUR,.uno:convert_to_contour
SID_CONVERT_TO_METAFILE,.uno:ConvertIntoMetaFile
SID_COPY,.uno:Copy
SID_COPYOBJECTS,.uno:CopyObjects
SID_CRASH,.uno:Crash
SID_CREATELINK,.uno:AddBookmark
SID_CREATE_BASICOBJECT,.uno:NewObject
SID_CREATE_SW_DRAWVIEW,.uno:CreateSWDrawView
SID_CREATE_SW_DRAWVIEW,.uno:CreateSWDrawView
SID_CTLFONT_STATE,.uno:CTLFontState
SID_CURRENTCELL,.uno:GoToCell
SID_CURRENTDATE,.uno:CurrentDate
SID_CURRENTDOC,.uno:GotoDocument
SID_CURRENTOBJECT,.uno:GoToObject
SID_CURRENTTAB,.uno:JumpToTable
SID_CURRENTTIME,.uno:CurrentTime
SID_CURRENT_URL,.uno:CurrentURL
SID_CURSORBLKDOWN,.uno:GoDownToEndOfData
SID_CURSORBLKDOWN_SEL,.uno:GoDownToEndOfDataSel
SID_CURSORBLKLEFT,.uno:GoLeftToStartOfData
SID_CURSORBLKLEFT_SEL,.uno:GoLeftToStartOfDataSel
SID_CURSORBLKRIGHT,.uno:GoRightToEndOfData
SID_CURSORBLKRIGHT_SEL,.uno:GoRightToEndOfDataSel
SID_CURSORBLKUP,.uno:GoUpToStartOfData
SID_CURSORBLKUP_SEL,.uno:GoUpToStartOfDataSel
SID_CURSORDOWN,.uno:GoDown
SID_CURSORDOWN_SEL,.uno:GoDownSel
SID_CURSOREND,.uno:GoToEndOfRow
SID_CURSORENDOFFILE,.uno:GoToEndOfData
SID_CURSORENDOFFILE_SEL,.uno:GoToEndOfDataSel
SID_CURSORENDOFSCREEN,.uno:CursorEndOfScreen
SID_CURSOREND_SEL,.uno:GoToEndOfRowSel
SID_CURSORENTERDOWN,.uno:JumpToNextCell
SID_CURSORENTERUP,.uno:JumpToPreviousCell
SID_CURSORHOME,.uno:GoToStartOfRow
SID_CURSORHOME_SEL,.uno:GoToStartOfRowSel
SID_CURSORLEFT,.uno:GoLeft
SID_CURSORLEFT_SEL,.uno:GoLeftSel
SID_CURSORPAGEDOWN,.uno:GoDownBlock
SID_CURSORPAGEDOWN_SEL,.uno:GoDownBlockSel
SID_CURSORPAGELEFT,.uno:GoLeftBlock
SID_CURSORPAGELEFT_,.uno:GoLeftBlock
SID_CURSORPAGELEFT_SEL,.uno:GoLeftBlockSel
SID_CURSORPAGERIGHT_,.uno:GoRightBlock
SID_CURSORPAGERIGHT_SEL,.uno:GoRightBlockSel
SID_CURSORPAGEUP,.uno:GoUpBlock
SID_CURSORPAGEUP_SEL,.uno:GoUpBlockSel
SID_CURSORRIGHT,.uno:GoRight
SID_CURSORRIGHT_SEL,.uno:GoRightSel
SID_CURSORTOPOFFILE,.uno:GoToStart
SID_CURSORTOPOFFILE_SEL,.uno:GoToStartSel
SID_CURSORTOPOFSCREEN,.uno:CursorTopOfScreen
SID_CURSORUP,.uno:GoUp
SID_CURSORUP_SEL,.uno:GoUpSel
SID_CUSTOMSHOW_DLG,.uno:CustomShowDialog
SID_CUSTOM_ANIMATION_PANEL,.uno:CustomAnimation
SID_CUSTOM_ANIMATION_SCHEMES_PANEL,.uno:CustomAnimationSchemes
SID_CUT,.uno:Cut
SID_DASH,.uno:Dash
SID_DASH_LIST,.uno:DashListState
SID_DATA_SELECT,.uno:DataSelect
SID_DEC_INDENT,.uno:DecrementIndent
SID_DEFAULTFILEPATH,.uno:DefaultFilePath
SID_DEFINE_COLROWNAMERANGES,.uno:DefineLabelRange
SID_DEFINE_DBNAME,.uno:DefineDBName
SID_DEFINE_PRINTAREA,.uno:DefinePrintArea
SID_DELETE,.uno:Delete
SID_DELETE_BASICOBJECT,.uno:ReleaseObject
SID_DELETE_CONTENTS,.uno:ClearContents
SID_DELETE_FRAME,.uno:DeleteFrame
SID_DELETE_LAYER,.uno:DeleteLayer
SID_DELETE_MASTER_PAGE,.uno:DeleteMasterPage
SID_DELETE_PAGE,.uno:DeletePage
SID_DELETE_PRINTAREA,.uno:DeletePrintArea
SID_DELETE_SCENARIO,.uno:DeleteScenario
SID_DELETE_SNAPITEM,.uno:DeleteSnapItem
SID_DEL_COLS,.uno:DeleteColumns
SID_DEL_ROWS,.uno:DeleteRows
SID_DETECTIVE_ADD_ERR,.uno:ShowErrors
SID_DETECTIVE_ADD_PRED,.uno:ShowPrecedents
SID_DETECTIVE_ADD_SUCC,.uno:ShowDependents
SID_DETECTIVE_AUTO,.uno:AutoRefreshArrows
SID_DETECTIVE_DEL_ALL,.uno:ClearArrows
SID_DETECTIVE_DEL_PRED,.uno:ClearArrowPrecedents
SID_DETECTIVE_DEL_SUCC,.uno:ClearArrowDependents
SID_DETECTIVE_FILLMODE,.uno:AuditingFillMode
SID_DETECTIVE_INVALID,.uno:ShowInvalid
SID_DETECTIVE_REFRESH,.uno:RefreshArrows
SID_DIALOG_TESTMODE,.uno:TestMode
SID_DIAMODE,.uno:DiaMode
SID_DIRECTEXPORTDOCASPDF,.uno:ExportDirectToPDF
SID_DISMANTLE,.uno:Dismantle
SID_DISTRIBUTE_DLG,.uno:DistributeSelection
SID_DOCFULLNAME,.uno:FullName
SID_DOCINFO,.uno:SetDocumentProperties
SID_DOCINFO_AUTHOR,.uno:Author
SID_DOCINFO_COMMENTS,.uno:Comments
SID_DOCINFO_KEYWORDS,.uno:Keywords
SID_DOCINFO_TITLE,.uno:DocInfoTitle
SID_DOCPATH,.uno:DocPath
SID_DOCTEMPLATE,.uno:SaveAsTemplate
SID_DOCTITLE,.uno:Title
SID_DOCUMENT_COMPARE,.uno:CompareDocuments
SID_DOCUMENT_MERGE,.uno:MergeDocuments
SID_DOC_LOADING,.uno:IsLoading
SID_DOC_MODIFIED,.uno:ModifiedStatus
SID_DOC_READONLY,.uno:ReadOnly
SID_DOC_SAVED,.uno:Saved
SID_DOUBLECLICK_TEXTEDIT,.uno:DoubleClickTextEdit
SID_DP_FILTER,.uno:DataPilotFilter
SID_DRAWINGMODE,.uno:DrawingMode
SID_DRAWTBX_3D_OBJECTS,.uno:Objects3DToolbox
SID_DRAWTBX_ARROWS,.uno:ArrowsToolbox
SID_DRAWTBX_CONNECTORS,.uno:ConnectorToolbox
SID_DRAWTBX_CS_ARROW,.uno:ArrowShapes
SID_DRAWTBX_CS_BASIC,.uno:BasicShapes
SID_DRAWTBX_CS_CALLOUT,.uno:CalloutShapes
SID_DRAWTBX_CS_FLOWCHART,.uno:FlowChartShapes
SID_DRAWTBX_CS_STAR,.uno:StarShapes
SID_DRAWTBX_CS_SYMBOL,.uno:SymbolShapes
SID_DRAWTBX_ELLIPSES,.uno:EllipseToolbox
SID_DRAWTBX_INSERT,.uno:InsertToolbox
SID_DRAWTBX_LINES,.uno:LineToolbox
SID_DRAWTBX_RECTANGLES,.uno:RectangleToolbox
SID_DRAWTBX_TEXT,.uno:TextToolbox
SID_DRAWTEXT_ATTR_DLG,.uno:TextAttributes
SID_DRAW_ARC,.uno:Arc
SID_DRAW_BEZIER_FILL,.uno:BezierFill
SID_DRAW_BEZIER_NOFILL,.uno:Bezier_Unfilled
SID_DRAW_CAPTION,.uno:DrawCaption
SID_DRAW_CAPTION_VERTICAL,.uno:VerticalCaption
SID_DRAW_CHART,.uno:DrawChart
SID_DRAW_CIRCLE,.uno:Circle
SID_DRAW_CIRCLEARC,.uno:CircleArc
SID_DRAW_CIRCLECUT,.uno:CircleCut
SID_DRAW_CIRCLECUT_NOFILL,.uno:CircleCut_Unfilled
SID_DRAW_CIRCLEPIE,.uno:CirclePie
SID_DRAW_CIRCLEPIE_NOFILL,.uno:CirclePie_Unfilled
SID_DRAW_CIRCLE_NOFILL,.uno:Circle_Unfilled
SID_DRAW_CS_ID,.uno:CustomShape
SID_DRAW_ELLIPSE,.uno:Ellipse
SID_DRAW_ELLIPSECUT,.uno:EllipseCut
SID_DRAW_ELLIPSECUT_NOFILL,.uno:EllipseCut_Unfilled
SID_DRAW_ELLIPSE_NOFILL,.uno:Ellipse_Unfilled
SID_DRAW_FONTWORK,.uno:DrawFontwork
SID_DRAW_FONTWORK_VERTICAL,.uno:DrawFontworkVertical
SID_DRAW_FREELINE,.uno:Freeline
SID_DRAW_FREELINE_NOFILL,.uno:Freeline_Unfilled
SID_DRAW_LINE,.uno:Line
SID_DRAW_MEASURELINE,.uno:MeasureLine
SID_DRAW_NOTEEDIT,.uno:DrawEditNote
SID_DRAW_PIE,.uno:Pie
SID_DRAW_PIE_NOFILL,.uno:Pie_Unfilled
SID_DRAW_POLYGON,.uno:Polygon
SID_DRAW_POLYGON_NOFILL,.uno:Polygon_Unfilled
SID_DRAW_RECT,.uno:Rect
SID_DRAW_RECT_NOFILL,.uno:Rect_Unfilled
SID_DRAW_RECT_ROUND,.uno:Rect_Rounded
SID_DRAW_RECT_ROUND_NOFILL,.uno:Rect_Rounded_Unfilled
SID_DRAW_SELECT,.uno:DrawSelect
SID_DRAW_SQUARE,.uno:Square
SID_DRAW_SQUARE_NOFILL,.uno:Square_Unfilled
SID_DRAW_SQUARE_ROUND,.uno:Square_Rounded
SID_DRAW_SQUARE_ROUND_NOFILL,.uno:Square_Rounded_Unfilled
SID_DRAW_TEXT,.uno:DrawText
SID_DRAW_TEXT_MARQUEE,.uno:Text_Marquee
SID_DRAW_TEXT_VERTICAL,.uno:VerticalText
SID_DRAW_XLINE,.uno:Line_Diagonal
SID_DRAW_XPOLYGON,.uno:Polygon_Diagonal
SID_DRAW_XPOLYGON_NOFILL,.uno:Polygon_Diagonal_Unfilled
SID_DSBROWSER_EXPLORER,.uno:DSBrowserExplorer
SID_DUPLICATE_PAGE,.uno:DuplicatePage
SID_EDITDOC,.uno:EditDoc
SID_EDIT_FRAMESET,.uno:EditFrameSet
SID_EDIT_HYPERLINK,.uno:EditHyperlink
SID_EDIT_OUTLINER,.uno:EditOutline
SID_EDIT_SCENARIO,.uno:EditScenario
SID_ENABLE_HYPHENATION,.uno:Hyphenate
SID_ENTER_GROUP,.uno:EnterGroup
SID_ENTER_STRING,.uno:EnterString
SID_EURO_CONVERTER,.uno:EuroConverter
SID_EXPAND_PAGE,.uno:ExpandPage
SID_EXPORTDOC,.uno:ExportTo
SID_EXPORTDOCASPDF,.uno:ExportToPDF
SID_EXTENDEDHELP,.uno:ExtendedHelp
SID_EXTERNAL_SOURCE,.uno:InsertExternalDataSource
SID_EXTRUSION_3D_COLOR,.uno:Extrusion3DColor
SID_EXTRUSION_DEPTH,.uno:ExtrusionDepth
SID_EXTRUSION_DEPTH_DIALOG,.uno:ExtrusionDepthDialog
SID_EXTRUSION_DEPTH_FLOATER,.uno:ExtrusionDepthFloater
SID_EXTRUSION_DIRECTION,.uno:ExtrusionDirection
SID_EXTRUSION_DIRECTION_FLOATER,.uno:ExtrusionDirectionFloater
SID_EXTRUSION_LIGHTING_DIRECTION,.uno:ExtrusionLightingDirection
SID_EXTRUSION_LIGHTING_FLOATER,.uno:ExtrusionLightingFloater
SID_EXTRUSION_LIGHTING_INTENSITY,.uno:ExtrusionLightingIntensity
SID_EXTRUSION_PROJECTION,.uno:ExtrusionProjection
SID_EXTRUSION_SURFACE,.uno:ExtrusionSurface
SID_EXTRUSION_SURFACE_FLOATER,.uno:ExtrusionSurfaceFloater
SID_EXTRUSION_TILT_DOWN,.uno:ExtrusionTiltDown
SID_EXTRUSION_TILT_LEFT,.uno:ExtrusionTiltLeft
SID_EXTRUSION_TILT_RIGHT,.uno:ExtrusionTiltRight
SID_EXTRUSION_TILT_UP,.uno:ExtrusionTiltUp
SID_EXTRUSION_TOOGLE,.uno:ExtrusionToggle
SID_FILE_NAME,.uno:FileName
SID_FILLFRAME,.uno:GetFrameWindow
SID_FILL_ADD_PRED,.uno:FillModeTracePredescessor
SID_FILL_ADD_SUCC,.uno:FillModeTraceSuccessor
SID_FILL_DEL_PRED,.uno:FillModeRemovePredescessor
SID_FILL_DEL_SUCC,.uno:FillModeRemoveSuccessor
SID_FILL_DRAFT,.uno:FillDraft
SID_FILL_NONE,.uno:FillModeEnd
SID_FILL_SELECT,.uno:FillModeSelect
SID_FILTER,.uno:DataFilterStandardFilter
SID_FM_ADDTABLE,.uno:AddTable
SID_FM_ADD_FIELD,.uno:AddField
SID_FM_AUTOCONTROLFOCUS,.uno:AutoControlFocus
SID_FM_AUTOFILTER,.uno:AutoFilter
SID_FM_CHANGECONTROLTYPE,.uno:ChangeControlType
SID_FM_CHECKBOX,.uno:CheckBox
SID_FM_COMBOBOX,.uno:ComboBox
SID_FM_CONFIG,.uno:Config
SID_FM_CONVERTTO_BUTTON,.uno:ConvertToButton
SID_FM_CONVERTTO_CHECKBOX,.uno:ConvertToCheckBox
SID_FM_CONVERTTO_COMBOBOX,.uno:ConvertToCombo
SID_FM_CONVERTTO_CURRENCY,.uno:ConvertToCurrency
SID_FM_CONVERTTO_DATE,.uno:ConvertToDate
SID_FM_CONVERTTO_EDIT,.uno:ConvertToEdit
SID_FM_CONVERTTO_FILECONTROL,.uno:ConvertToFileControl
SID_FM_CONVERTTO_FIXEDTEXT,.uno:ConvertToFixed
SID_FM_CONVERTTO_FORMATTED,.uno:ConvertToFormatted
SID_FM_CONVERTTO_GROUPBOX,.uno:ConvertToGroup
SID_FM_CONVERTTO_IMAGEBUTTON,.uno:ConvertToImageBtn
SID_FM_CONVERTTO_IMAGECONTROL,.uno:ConvertToImageControl
SID_FM_CONVERTTO_LISTBOX,.uno:ConvertToList
SID_FM_CONVERTTO_NAVIGATIONBAR,.uno:ConvertToNavigationBar
SID_FM_CONVERTTO_NUMERIC,.uno:ConvertToNumeric
SID_FM_CONVERTTO_PATTERN,.uno:ConvertToPattern
SID_FM_CONVERTTO_RADIOBUTTON,.uno:ConvertToRadio
SID_FM_CONVERTTO_SCROLLBAR,.uno:ConvertToScrollBar
SID_FM_CONVERTTO_SPINBUTTON,.uno:ConvertToSpinButton
SID_FM_CONVERTTO_TIME,.uno:ConvertToTime
SID_FM_COUNTALL,.uno:CountAll
SID_FM_CREATE_CONTROL,.uno:CreateControl
SID_FM_CREATE_FIELDCONTROL,.uno:CreateFieldControl
SID_FM_CTL_PROPERTIES,.uno:ControlProperties
SID_FM_CURRENCYFIELD,.uno:CurrencyField
SID_FM_DATANAVIGATOR_CONTROL,.uno:FmDataNavigatorController
SID_FM_DATEFIELD,.uno:DateField
SID_FM_DBGRID,.uno:Grid
SID_FM_DESIGN_MODE,.uno:SwitchControlDesignMode
SID_FM_EDIT,.uno:Edit
SID_FM_EXECUTE,.uno:SbaExecuteSql
SID_FM_FIELDS_CONTROL,.uno:FieldController
SID_FM_FILECONTROL,.uno:FileControl
SID_FM_FILTERCRIT,.uno:FilterCrit
SID_FM_FILTER_EXECUTE,.uno:FormFilterExecute
SID_FM_FILTER_EXIT,.uno:FormFilterExit
SID_FM_FILTER_NAVIGATOR,.uno:FormFilterNavigator
SID_FM_FILTER_NAVIGATOR_CONTROL,.uno:FmFilterNavigatorController
SID_FM_FILTER_REMOVE,.uno:RemoveFilter
SID_FM_FILTER_START,.uno:FormFilter
SID_FM_FIXEDTEXT,.uno:Label
SID_FM_FMEXPLORER_CONTROL,.uno:FmExplorerController
SID_FM_FORMATTEDFIELD,.uno:FormattedField
SID_FM_FORM_DESIGN_TOOLS,.uno:FormDesignTools
SID_FM_FORM_FILTERED,.uno:FormFiltered
SID_FM_GRABCONTROLFOCUS,.uno:GrabControlFocus
SID_FM_GROUPBOX,.uno:GroupBox
SID_FM_IMAGEBUTTON,.uno:Imagebutton
SID_FM_IMAGECONTROL,.uno:ImageControl
SID_FM_LEAVE_CREATE,.uno:LeaveFMCreateMode
SID_FM_LISTBOX,.uno:ListBox
SID_FM_MORE_CONTROLS,.uno:MoreControls
SID_FM_NATIVESQL,.uno:SbaNativeSql
SID_FM_NAVIGATIONBAR,.uno:NavigationBar
SID_FM_NUMERICFIELD,.uno:NumericField
SID_FM_OPEN_READONLY,.uno:OpenReadOnly
SID_FM_ORDERCRIT,.uno:OrderCrit
SID_FM_PATTERNFIELD,.uno:PatternField
SID_FM_PROPERTIES,.uno:FormProperties
SID_FM_PROPERTY_CONTROL,.uno:PropertyController
SID_FM_PUSHBUTTON,.uno:Pushbutton
SID_FM_RADIOBUTTON,.uno:RadioButton
SID_FM_RECORD_ABSOLUTE,.uno:AbsoluteRecord
SID_FM_RECORD_DELETE,.uno:DeleteRecord
SID_FM_RECORD_FIRST,.uno:FirstRecord
SID_FM_RECORD_FROM_TEXT,.uno:RecFromText
SID_FM_RECORD_LAST,.uno:LastRecord
SID_FM_RECORD_NEW,.uno:NewRecord
SID_FM_RECORD_NEXT,.uno:NextRecord
SID_FM_RECORD_PREV,.uno:PrevRecord
SID_FM_RECORD_SAVE,.uno:RecSave
SID_FM_RECORD_TEXT,.uno:RecText
SID_FM_RECORD_TOTAL,.uno:RecTotal
SID_FM_RECORD_UNDO,.uno:RecUndo
SID_FM_REFRESH,.uno:Refresh
SID_FM_REMOVE_FILTER_SORT,.uno:RemoveFilterSort
SID_FM_SCROLLBAR,.uno:ScrollBar
SID_FM_SEARCH,.uno:RecSearch
SID_FM_SHOW_DATANAVIGATOR,.uno:ShowDataNavigator
SID_FM_SHOW_FMEXPLORER,.uno:ShowFmExplorer
SID_FM_SHOW_PROPERTIES,.uno:ShowProperties
SID_FM_SHOW_PROPERTY_BROWSER,.uno:ShowPropertyBrowser
SID_FM_SORTDOWN,.uno:SortDown
SID_FM_SORTUP,.uno:Sortup
SID_FM_SPINBUTTON,.uno:SpinButton
SID_FM_TAB_DIALOG,.uno:TabDialog
SID_FM_TIMEFIELD,.uno:TimeField
SID_FM_USE_WIZARDS,.uno:UseWizards
SID_FM_VIEW_AS_GRID,.uno:ViewFormAsGrid
SID_FOCUSURLBOX,.uno:FocusUrlBox
SID_FOCUS_INPUTLINE,.uno:FocusInputLine
SID_FONTWORK,.uno:FontWork
SID_FONTWORK_ALIGNMENT,.uno:FontworkAlignment
SID_FONTWORK_ALIGNMENT_FLOATER,.uno:FontworkAlignmentFloater
SID_FONTWORK_CHARACTER_SPACING,.uno:FontworkCharacterSpacing
SID_FONTWORK_CHARACTER_SPACING_DIALOG,.uno:FontworkCharacterSpacingDialog
SID_FONTWORK_CHARACTER_SPACING_FLOATER,.uno:FontworkCharacterSpacingFloater
SID_FONTWORK_GALLERY_FLOATER,.uno:FontworkGalleryFloater
SID_FONTWORK_KERN_CHARACTER_PAIRS,.uno:FontworkKernCharacterPairs
SID_FONTWORK_SAME_LETTER_HEIGHTS,.uno:FontworkSameLetterHeights
SID_FONTWORK_SHAPE,.uno:FontworkShape
SID_FONTWORK_SHAPE_TYPE,.uno:FontworkShapeType
SID_FONTWORK_SHAPE_TYPES,.uno:FontworkShapeTypes
SID_FORMATMENU,.uno:FormatMenu
SID_FORMATMENUSTATE,.uno:FormatMenuState
SID_FORMATPAGE,.uno:PageFormatDialog
SID_FORMATPAINTBRUSH,.uno:PersistentCopy
SID_FORMTEXT_ADJUST,.uno:FontWorkTextAdjust
SID_FORMTEXT_DISTANCE,.uno:FontWorkTextDistance
SID_FORMTEXT_HIDEFORM,.uno:FormatFontWorkClose
SID_FORMTEXT_MIRROR,.uno:FontWorkTextMirror
SID_FORMTEXT_OUTLINE,.uno:FontWorkTextOutline
SID_FORMTEXT_SHADOW,.uno:FontWorkTextShadow
SID_FORMTEXT_SHDWCOLOR,.uno:FontWorkTextShadowColor
SID_FORMTEXT_SHDWXVAL,.uno:FontWorkTextShadowXVal
SID_FORMTEXT_SHDWYVAL,.uno:FontWorkTextShadowYVal
SID_FORMTEXT_START,.uno:FontWorkTextStart
SID_FORMTEXT_STDFORM,.uno:FontWorkTextClearAttributes
SID_FORMTEXT_STYLE,.uno:FontWorkTextStyle
SID_FRAMECOUNT,.uno:FrameCount
SID_FRAMESPACING,.uno:FrameSpacing
SID_FRAMETITLE,.uno:FrameTitle
SID_FRAME_CONTENT,.uno:FrameContent
SID_FRAME_DOWN,.uno:ObjectBackOne
SID_FRAME_LINECOLOR,.uno:FrameLineColor
SID_FRAME_LINESTYLE,.uno:LineStyle
SID_FRAME_NAME,.uno:FrameName
SID_FRAME_TO_BOTTOM,.uno:SendToBack
SID_FRAME_TO_TOP,.uno:BringToFront
SID_FRAME_UP,.uno:ObjectForwardOne
SID_GALLERY,.uno:Gallery
SID_GALLERY_BG_BRUSH,.uno:BackgroundImage
SID_GALLERY_ENABLE_ADDCOPY,.uno:GalleryEnableAddCopy
SID_GALLERY_FORMATS,.uno:InsertGalleryPic
SID_GETBLUE,.uno:GetBlue
SID_GETFILLSTYLE,.uno:GetFillStyle
SID_GETGREEN,.uno:GetGreen
SID_GETLINESTYLE,.uno:GetLineStyle
SID_GETLINEWIDTH,.uno:GetLineWidth
SID_GETRED,.uno:GetRed
SID_GETREDOSTRINGS,.uno:GetRedoStrings
SID_GETUNDOSTRINGS,.uno:GetUndoStrings
SID_GET_CLPBRD_FORMAT_BY_IDX,.uno:GetClipboardFormat
SID_GET_CLPBRD_FORMAT_COUNT,.uno:GetClipboardFormatCount
SID_GET_CLPBRD_FORMAT_NAME,.uno:GetClipboardFormatName
SID_GET_COLORTABLE,.uno:GetColorTable
SID_GLUE_EDITMODE,.uno:GlueEditMode
SID_GLUE_ESCDIR,.uno:GlueEscapeDirection
SID_GLUE_ESCDIR_BOTTOM,.uno:GlueEscapeDirectionBottom
SID_GLUE_ESCDIR_LEFT,.uno:GlueEscapeDirectionLeft
SID_GLUE_ESCDIR_RIGHT,.uno:GlueEscapeDirectionRight
SID_GLUE_ESCDIR_TOP,.uno:GlueEscapeDirectionTop
SID_GLUE_HORZALIGN_CENTER,.uno:GlueHorzAlignCenter
SID_GLUE_HORZALIGN_LEFT,.uno:GlueHorzAlignLeft
SID_GLUE_HORZALIGN_RIGHT,.uno:GlueHorzAlignRight
SID_GLUE_INSERT_POINT,.uno:GlueInsertPoint
SID_GLUE_PERCENT,.uno:GluePercent
SID_GLUE_VERTALIGN_BOTTOM,.uno:GlueVertAlignBottom
SID_GLUE_VERTALIGN_CENTER,.uno:GlueVertAlignCenter
SID_GLUE_VERTALIGN_TOP,.uno:GlueVertAlignTop
SID_GRADIENT,.uno:Gradient
SID_GRADIENT_LIST,.uno:GradientListState
SID_GRAPHIC_DRAFT,.uno:GraphicDraft
SID_GRAPHIC_EXPORT,.uno:GraphicExport
SID_GRFFILTER,.uno:GraphicFilterToolbox
SID_GRFFILTER_EMBOSS,.uno:GraphicFilterRelief
SID_GRFFILTER_INVERT,.uno:GraphicFilterInvert
SID_GRFFILTER_MOSAIC,.uno:GraphicFilterMosaic
SID_GRFFILTER_POPART,.uno:GraphicFilterPopart
SID_GRFFILTER_POSTER,.uno:GraphicFilterPoster
SID_GRFFILTER_REMOVENOISE,.uno:GraphicFilterRemoveNoise
SID_GRFFILTER_SEPIA,.uno:GraphicFilterSepia
SID_GRFFILTER_SHARPEN,.uno:GraphicFilterSharpen
SID_GRFFILTER_SMOOTH,.uno:GraphicFilterSmooth
SID_GRFFILTER_SOBEL,.uno:GraphicFilterSobel
SID_GRFFILTER_SOLARIZE,.uno:GraphicFilterSolarize
SID_GRID_FRONT,.uno:GridFront
SID_GRID_USE,.uno:GridUse
SID_GRID_VISIBLE,.uno:GridVisible
SID_GROUP,.uno:FormatGroup
SID_HANDLES_DRAFT,.uno:HandlesDraft
SID_HANDOUTMODE,.uno:HandoutMode
SID_HANDOUT_MASTERPAGE,.uno:HandoutMasterPage
SID_HANGUL_HANJA_CONVERSION,.uno:HangulHanjaConversion
SID_HATCH,.uno:Hatch
SID_HATCH_LIST,.uno:HatchListState
SID_HEADER_AND_FOOTER,.uno:HeaderAndFooter
SID_HELP,.uno:Help
SID_HELPBALLOONS,.uno:ActiveHelp
SID_HELPINDEX,.uno:HelpIndex
SID_HELPLINES_FRONT,.uno:HelplinesFront
SID_HELPLINES_MOVE,.uno:HelplinesMove
SID_HELPLINES_USE,.uno:HelplinesUse
SID_HELPLINES_VISIBLE,.uno:HelplinesVisible
SID_HELPMENU,.uno:HelpMenu
SID_HELPONHELP,.uno:HelpOnHelp
SID_HELPTIPS,.uno:HelpTip
SID_HELP_ANNOTATE,.uno:HelpAnnotate
SID_HELP_BOOKMARK,.uno:HelpBookmark
SID_HELP_DOWNLOAD,.uno:HelpDownload
SID_HELP_HELPFILEBOX,.uno:HelpChooseFile
SID_HELP_PI,.uno:HelperDialog
SID_HELP_SEARCH,.uno:HelpSearch
SID_HELP_SUPPORTPAGE,.uno:HelpSupport
SID_HELP_TUTORIALS,.uno:HelpTutorials
SID_HELP_ZOOMIN,.uno:HelpZoomIn
SID_HELP_ZOOMOUT,.uno:HelpZoomOut
SID_HFEDIT,.uno:EditHeaderAndFooter
SID_HIDE_SLIDE,.uno:HideSlide
SID_HORIZONTAL,.uno:MirrorHorz
SID_HTML_MODE,.uno:HtmlMode
SID_HYPERLINK_DIALOG,.uno:HyperlinkDialog
SID_HYPERLINK_GETLINK,.uno:Hyperlink
SID_HYPERLINK_INSERT,.uno:InsertHyperlink
SID_HYPERLINK_SETLINK,.uno:SetHyperlink
SID_HYPHENATION,.uno:Hyphenation
SID_H_ALIGNCELL,.uno:HorizontalAlignment
SID_IMAGE_ORIENTATION,.uno:ImageOrientation
SID_IMAP,.uno:ImageMapDialog
SID_IMAP_EXEC,.uno:ImageMapExecute
SID_IMG_LOADING,.uno:IsLoadingImages
SID_IMPORT_DATA,.uno:DataImport
SID_INC_INDENT,.uno:IncrementIndent
SID_INET_DLG,.uno:InternetDialog
SID_INET_DLG,.uno:InternetDialog
SID_INSERTDOC,.uno:InsertDoc
SID_INSERTFILE,.uno:ImportFromFile
SID_INSERTLAYER,.uno:InsertLayer
SID_INSERTPAGE,.uno:InsertPage
SID_INSERTPAGE_QUICK,.uno:InsertPageQuick
SID_INSERT_AVMEDIA,.uno:InsertAVMedia
SID_INSERT_CHECKBOX,.uno:Checkbox
SID_INSERT_COMBOBOX,.uno:Combobox
SID_INSERT_CURRENCYFIELD,.uno:InsertCurrencyField
SID_INSERT_DATEFIELD,.uno:AddDateField
SID_INSERT_DATE_TIME,.uno:InsertDateAndTime
SID_INSERT_DIAGRAM,.uno:InsertObjectChart
SID_INSERT_DRAW,.uno:InsertDraw
SID_INSERT_EDIT,.uno:InsertEdit
SID_INSERT_FILECONTROL,.uno:InsertFileControl
SID_INSERT_FIXEDTEXT,.uno:InsertFixedText
SID_INSERT_FLD_AUTHOR,.uno:InsertAuthorField
SID_INSERT_FLD_DATE_FIX,.uno:InsertDateFieldFix
SID_INSERT_FLD_DATE_VAR,.uno:InsertDateFieldVar
SID_INSERT_FLD_FILE,.uno:InsertFileField
SID_INSERT_FLD_PAGE,.uno:InsertPageField
SID_INSERT_FLD_TIME_FIX,.uno:InsertTimeFieldFix
SID_INSERT_FLD_TIME_VAR,.uno:InsertTimeFieldVar
SID_INSERT_FLOATINGFRAME,.uno:InsertObjectFloatingFrame
SID_INSERT_FORMATTEDFIELD,.uno:InsertFormattedField
SID_INSERT_FRAME,.uno:InsertTextFrame
SID_INSERT_GRAPHIC,.uno:InsertGraphic
SID_INSERT_GROUPBOX,.uno:Groupbox
SID_INSERT_HFIXEDLINE,.uno:HFixedLine
SID_INSERT_HSCROLLBAR,.uno:HScrollbar
SID_INSERT_IMAGE,.uno:InsertImage
SID_INSERT_IMAGECONTROL,.uno:InsertImageControl
SID_INSERT_LISTBOX,.uno:InsertListbox
SID_INSERT_MASTER_PAGE,.uno:InsertMasterPage
SID_INSERT_MATH,.uno:InsertMath
SID_INSERT_MATRIX,.uno:InsertMatrix
SID_INSERT_NUMERICFIELD,.uno:InsertNumericField
SID_INSERT_OBJECT,.uno:InsertObject
SID_INSERT_PAGE_NUMBER,.uno:InsertPageNumber
SID_INSERT_PATTERNFIELD,.uno:InsertPatternField
SID_INSERT_PLUGIN,.uno:InsertPlugin
SID_INSERT_POSTIT,.uno:InsertAnnotation
SID_INSERT_PREVIEW,.uno:Preview
SID_INSERT_PROGRESSBAR,.uno:ProgressBar
SID_INSERT_PUSHBUTTON,.uno:InsertPushbutton
SID_INSERT_RADIOBUTTON,.uno:Radiobutton
SID_INSERT_SELECT,.uno:SelectMode
SID_INSERT_SIMAGE,.uno:InsertObjectStarImage
SID_INSERT_SMATH,.uno:InsertObjectStarMath
SID_INSERT_SOUND,.uno:InsertSound
SID_INSERT_SPINBUTTON,.uno:Spinbutton
SID_INSERT_TIMEFIELD,.uno:InsertTimeField
SID_INSERT_URLBUTTON,.uno:URLButton
SID_INSERT_VFIXEDLINE,.uno:VFixedLine
SID_INSERT_VIDEO,.uno:InsertVideo
SID_INSERT_VSCROLLBAR,.uno:VScrollbar
SID_INS_FUNCTION,.uno:InsertFunction
SID_INTERACTIVEMODE,.uno:Interactive
SID_INTERNET_ONLINE,.uno:InternetOnline
SID_INTERNET_SEARCH,.uno:InternetSearch
SID_INTERNET_UPDATE,.uno:InternetUpdate
SID_ISTOP,.uno:IsTopWindow
SID_JUMPTOMARK,.uno:JumpToMark
SID_LATEINIT_DONE,.uno:LateInitDone
SID_LAYERMODE,.uno:LayerMode
SID_LAYER_DIALOG_WIN,.uno:LayerDialogChildWindow
SID_LEAVE_ALL_GROUPS,.uno:LeaveAllGroups
SID_LEAVE_GROUP,.uno:LeaveGroup
SID_LINEEND_LIST,.uno:LineEndListState
SID_LINEEND_POLYGON,.uno:LineEndPolygon
SID_LINETO,.uno:LineTo
SID_LINE_ARROWS,.uno:LineArrows
SID_LINE_ARROW_CIRCLE,.uno:LineArrowCircle
SID_LINE_ARROW_END,.uno:LineArrowEnd
SID_LINE_ARROW_SQUARE,.uno:LineArrowSquare
SID_LINE_ARROW_START,.uno:LineArrowStart
SID_LINE_CIRCLE_ARROW,.uno:LineCircleArrow
SID_LINE_DRAFT,.uno:LineDraft
SID_LINE_SQUARE_ARROW,.uno:LineSquareArrow
SID_LINKS,.uno:EditLinks
SID_LOADCONFIG,.uno:LoadConfiguration
SID_LOGOUT,.uno:Logout
SID_MACROORGANIZER,.uno:MacroOrganizer
SID_MACRO_SIGNATURE,.uno:MacroSignature
SID_MAIL_CHILDWIN,.uno:MailWindow
SID_MAIL_EXPORT_FINISHED,.uno:MailExportFinished
SID_MAIL_NOTIFY,.uno:MailReceipt
SID_MAIL_NOTIFY_RESET,.uno:MailNotifyReset
SID_MAIL_PREPAREEXPORT,.uno:PrepareMailExport
SID_MAIL_SCROLLBODY_PAGEDOWN,.uno:ScrollBodyPageDown
SID_MAIL_SENDDOC,.uno:SendMail
SID_MAIL_SENDDOCASPDF,.uno:SendMailDocAsPDF
SID_MANAGE_LINKS,.uno:ManageLinks
SID_MARKAREA,.uno:SelectArea
SID_MARKARRAYFORMULA,.uno:SelectArrayFormula
SID_MARKDATAAREA,.uno:SelectData
SID_MASTERPAGE,.uno:MasterPage
SID_MASTER_LAYOUTS,.uno:MasterLayouts
SID_MDIWINDOWLIST,.uno:WindowList
SID_MEASURE_DLG,.uno:MeasureAttributes
SID_MINIMIZED,.uno:Minimized
SID_MIRROR_HORIZONTAL,.uno:ObjectMirrorHorizontal
SID_MIRROR_VERTICAL,.uno:ObjectMirrorVertical
SID_MODIFIED,.uno:Modified
SID_MODIFYLAYER,.uno:ModifyLayer
SID_MODIFYPAGE,.uno:ModifyPage
SID_MODIFY_FIELD,.uno:ModifyField
SID_MODIFY_FRAME,.uno:ModifyFrame
SID_MOREBACK,.uno:Backward
SID_MOREFRONT,.uno:Forward
SID_MOVETO,.uno:MoveTo
SID_NAME_GROUP,.uno:NameGroup
SID_NAVIGATOR,.uno:Navigator
SID_NAVIGATOR_INIT,.uno:NavigatorInit
SID_NAVIGATOR_OBJECT,.uno:NavigatorObject
SID_NAVIGATOR_PAGE,.uno:NavigatorPage
SID_NAVIGATOR_PAGENAME,.uno:NavigatorPageName
SID_NAVIGATOR_PEN,.uno:NavigatorPen
SID_NAVIGATOR_STATE,.uno:NavigatorState
SID_NEWDOC,.uno:NewDoc
SID_NEWDOCDIRECT,.uno:AddDirect
SID_NEWFRAMESET,.uno:NewFrameSet
SID_NEWSD,.uno:NewPresentation
SID_NEWWINDOW,.uno:NewWindow
SID_NEXT_TABLE,.uno:JumpToNextTable
SID_NEXT_TABLE_SEL,.uno:JumpToNextTableSel
SID_NEXT_UNPROTECT,.uno:JumpToNextUnprotected
SID_NOTESMODE,.uno:NotesMode
SID_NOTES_MASTERPAGE,.uno:NotesMasterPage
SID_NUMBER_CURRENCY,.uno:NumberFormatCurrency
SID_NUMBER_DATE,.uno:NumberFormatDate
SID_NUMBER_DECDEC,.uno:NumberFormatDecDecimals
SID_NUMBER_FORMAT,.uno:NumberFormat
SID_NUMBER_INCDEC,.uno:NumberFormatIncDecimals
SID_NUMBER_PERCENT,.uno:NumberFormatPercent
SID_NUMBER_SCIENTIFIC,.uno:NumberFormatScientific
SID_NUMBER_STANDARD,.uno:NumberFormatStandard
SID_NUMBER_TIME,.uno:NumberFormatTime
SID_NUMBER_TWODEC,.uno:NumberFormatDecimal
SID_OBJECT,.uno:ObjectMenue
SID_OBJECTRESIZE,.uno:InPlaceObjectResize
SID_OBJECT_ALIGN,.uno:ObjectAlign
SID_OBJECT_ALIGN_CENTER,.uno:AlignCenter
SID_OBJECT_ALIGN_DOWN,.uno:AlignDown
SID_OBJECT_ALIGN_LEFT,.uno:ObjectAlignLeft
SID_OBJECT_ALIGN_MIDDLE,.uno:AlignMiddle
SID_OBJECT_ALIGN_RIGHT,.uno:ObjectAlignRight
SID_OBJECT_ALIGN_UP,.uno:AlignUp
SID_OBJECT_CHOOSE_MODE,.uno:AdvancedMode
SID_OBJECT_CLOSE,.uno:CloseObject
SID_OBJECT_CROOK_ROTATE,.uno:CrookRotate
SID_OBJECT_CROOK_SLANT,.uno:CrookSlant
SID_OBJECT_CROOK_STRETCH,.uno:CrookStretch
SID_OBJECT_GRADIENT,.uno:InteractiveGradient
SID_OBJECT_HEAVEN,.uno:SetObjectToForeground
SID_OBJECT_HEIGHT,.uno:ObjectHeight
SID_OBJECT_HELL,.uno:SetObjectToBackground
SID_OBJECT_LEFT,.uno:ObjectLeft
SID_OBJECT_MIRROR,.uno:Mirror
SID_OBJECT_MIRROR,.uno:Mirror
SID_OBJECT_ROTATE,.uno:ToggleObjectRotateMode
SID_OBJECT_SELECT,.uno:SelectObject
SID_OBJECT_SHEAR,.uno:Shear
SID_OBJECT_TOP,.uno:ObjectTop
SID_OBJECT_TRANSPARENCE,.uno:InteractiveTransparence
SID_OBJECT_WIDTH,.uno:ObjectWidth
SID_OFFICE_CHECK_PLZ,.uno:CheckPLZ
SID_OFFICE_CHECK_PLZ,.uno:CheckPLZ
SID_OFFICE_COMMERCIAL_USE,.uno:CommercialUse
SID_OFFICE_CUSTOMERNUMBER,.uno:CustomerNumber
SID_OFFICE_PALK,.uno:SetPALK
SID_OFFICE_PLK,.uno:LicenceKey
SID_OFFICE_PRIVATE_USE,.uno:PrivateUse
SID_OFFICE_VERSION_ID,.uno:OfficeVersionId
SID_OLD_PALK,.uno:OldPALK
SID_OLE_ACTIVATE,.uno:ActivateOLE
SID_OLE_DEACTIVATE,.uno:Deactivate
SID_OLE_OBJECT,.uno:OleObject
SID_OLE_SELECT,.uno:SelectOLE
SID_ONLINE_REGISTRATION,.uno:OnlineRegistrationDlg
SID_ONLINE_REGISTRATION_DLG,.uno:StartRegistrationDialog
SID_OPENDLG_CHART,.uno:StarChartDialog
SID_OPENDLG_CONDFRMT,.uno:ConditionalFormatDialog
SID_OPENDLG_CONSOLIDATE,.uno:DataConsolidate
SID_OPENDLG_EDIT_PRINTAREA,.uno:EditPrintArea
SID_OPENDLG_FUNCTION,.uno:FunctionDialog
SID_OPENDLG_MODCHART,.uno:StarChartDataDialog
SID_OPENDLG_PIVOTTABLE,.uno:DataDataPilotRun
SID_OPENDLG_SOLVE,.uno:GoalSeekDialog
SID_OPENDLG_TABOP,.uno:TableOperationDialog
SID_OPENDOC,.uno:Open
SID_OPENHYPERLINK,.uno:OpenHyperlink
SID_OPENTEMPLATE,.uno:OpenTemplate
SID_OPENURL,.uno:OpenUrl
SID_OPEN_HYPERLINK,.uno:OpenHyperlinkOnCursor
SID_OPEN_XML_FILTERSETTINGS,.uno:OpenXMLFilterSettings
SID_OPTIONS,.uno:Options
SID_OPTIONS_TREEDIALOG,.uno:OptionsTreeDialog
SID_OPT_LOCALE_CHANGED,.uno:OptionsLocaleChanged
SID_ORGANIZER,.uno:Organizer
SID_ORIGINALSIZE,.uno:OriginalSize
SID_ORIGINAL_SIZE,.uno:OriginalSize
SID_OUTLINEMODE,.uno:OutlineMode
SID_OUTLINE_BULLET,.uno:OutlineBullet
SID_OUTLINE_COLLAPSE,.uno:OutlineCollapse
SID_OUTLINE_COLLAPSE_ALL,.uno:OutlineCollapseAll
SID_OUTLINE_DELETEALL,.uno:ClearOutline
SID_OUTLINE_DOWN,.uno:OutlineDown
SID_OUTLINE_EXPAND,.uno:OutlineExpand
SID_OUTLINE_EXPAND_ALL,.uno:OutlineExpandAll
SID_OUTLINE_FORMAT,.uno:OutlineFormat
SID_OUTLINE_HIDE,.uno:HideDetail
SID_OUTLINE_LEFT,.uno:OutlineLeft
SID_OUTLINE_MAKE,.uno:Group
SID_OUTLINE_REMOVE,.uno:Ungroup
SID_OUTLINE_RIGHT,.uno:OutlineRight
SID_OUTLINE_SHOW,.uno:ShowDetail
SID_OUTLINE_TO_IMPRESS,.uno:SendOutlineToImpress
SID_OUTLINE_UP,.uno:OutlineUp
SID_OUTPUT_QUALITY_BLACKWHITE,.uno:OutputQualityBlackWhite
SID_OUTPUT_QUALITY_COLOR,.uno:OutputQualityColor
SID_OUTPUT_QUALITY_CONTRAST,.uno:OutputQualityContrast
SID_OUTPUT_QUALITY_GRAYSCALE,.uno:OutputQualityGrayscale
SID_PACKNGO,.uno:PackAndGo
SID_PAGEMARGIN,.uno:PageMargin
SID_PAGEMODE,.uno:PageMode
SID_PAGESETUP,.uno:PageSetup
SID_PAGESIZE,.uno:PageSize
SID_PAGES_PER_ROW,.uno:PagesPerRow
SID_PARASPACE_DECREASE,.uno:ParaspaceDecrease
SID_PARASPACE_INCREASE,.uno:ParaspaceIncrease
SID_PARA_DLG,.uno:ParagraphDialog
SID_PARA_VERTALIGN,.uno:VerticalParagraphAlignment
SID_PARTWIN,.uno:PartWindow
SID_PASTE,.uno:Paste
SID_PASTE2,.uno:PasteClipboard
SID_PICK1,.uno:_PickEntry1
SID_PICK2,.uno:_PickEntry2
SID_PICK3,.uno:_PickEntry3
SID_PICK4,.uno:_PickEntry4
SID_PICK5,.uno:_PickEntry5
SID_PICK6,.uno:_PickEntry6
SID_PICK7,.uno:_PickEntry7
SID_PICK8,.uno:_PickEntry8
SID_PICK9,.uno:_PickEntry9
SID_PICKLIST,.uno:PickList
SID_PICK_THROUGH,.uno:PickThrough
SID_PIVOT_CREATE,.uno:DataPilotCreate
SID_PIVOT_GET,.uno:DataPilotTables
SID_PIVOT_KILL,.uno:DeletePivotTable
SID_PIVOT_RECALC,.uno:RecalcPivotTable
SID_PIVOT_TABLE,.uno:DataPilotExec
SID_PIXELMODE,.uno:PixelMode
SID_PLUGINS_ACTIVE,.uno:PlugInsActive
SID_POLYGON_MORPHING,.uno:Morphing
SID_POLY_FORMEN,.uno:PolyFormen
SID_POLY_INTERSECT,.uno:Intersect
SID_POLY_MERGE,.uno:Merge
SID_POLY_SUBSTRACT,.uno:Substract
SID_POSITION,.uno:ObjectPosition
SID_PRESENTATION,.uno:Presentation
SID_PRESENTATIONOBJECT,.uno:ModifyPresentationObject
SID_PRESENTATION_DLG,.uno:PresentationDialog
SID_PRESENTATION_END,.uno:PresentationEnd
SID_PRESENTATION_LAYOUT,.uno:PresentationLayout
SID_PREVIEW_CLOSE,.uno:ClosePreview
SID_PREVIEW_FIRST,.uno:FirstPage
SID_PREVIEW_LAST,.uno:LastPage
SID_PREVIEW_NEXT,.uno:NextPage
SID_PREVIEW_PREVIOUS,.uno:PreviousPage
SID_PREVIEW_QUALITY_BLACKWHITE,.uno:PreviewQualityBlackWhite
SID_PREVIEW_QUALITY_COLOR,.uno:PreviewQualityColor
SID_PREVIEW_QUALITY_CONTRAST,.uno:PreviewQualityContrast
SID_PREVIEW_QUALITY_GRAYSCALE,.uno:PreviewQualityGrayscale
SID_PREVIEW_STATE,.uno:PreviewState
SID_PREVIEW_WIN,.uno:PreviewWindow
SID_PREVIEW_ZOOMIN,.uno:ZoomIn
SID_PREVIEW_ZOOMOUT,.uno:ZoomOut
SID_PREV_TABLE,.uno:JumpToPrevTable
SID_PREV_TABLE_SEL,.uno:JumpToPrevTableSel
SID_PREV_UNPROTECT,.uno:JumpToPreviousUnprotected
SID_PRINTDOC,.uno:Print
SID_PRINTDOCDIRECT,.uno:PrintDefault
SID_PRINTER_NAME,.uno:Printer
SID_PRINTOUT,.uno:PrintOut
SID_PRINTPREVIEW,.uno:PrintPreview
SID_PROGFILENAME,.uno:FullName
SID_PROGPATH,.uno:Path
SID_PSZ_FUNCTION,.uno:StatusBarFunc
SID_QUICKEDIT,.uno:QuickEdit
SID_QUITAPP,.uno:Quit
SID_RANGE_ADDRESS,.uno:Address
SID_RANGE_COL,.uno:Column
SID_RANGE_FORMULA,.uno:Formula
SID_RANGE_NOTETEXT,.uno:NoteText
SID_RANGE_OFFSET,.uno:Offset
SID_RANGE_REGION,.uno:CurrentRegion
SID_RANGE_ROW,.uno:Row
SID_RANGE_TABLE,.uno:Table
SID_RANGE_TEXTVALUE,.uno:TextValue
SID_RANGE_VALUE,.uno:Value
SID_READONLY_MODE,.uno:ReadOnlyMode
SID_RECENTFILELIST,.uno:RecentFileList
SID_RECORDING_FLOATWINDOW,.uno:MacroRecordingFloat
SID_RECORDMACRO,.uno:MacroRecorder
SID_REDO,.uno:Redo
SID_REFRESH_DBAREA,.uno:DataAreaRefresh
SID_REHEARSE_TIMINGS,.uno:RehearseTimings
SID_REIMPORT_AFTER_LOAD,.uno:ReImportAfterLoad
SID_REIMPORT_DATA,.uno:DataReImport
SID_RELOAD,.uno:Reload
SID_RENAMELAYER,.uno:RenameLayer
SID_RENAMEPAGE,.uno:RenamePage
SID_RENAMEPAGE_QUICK,.uno:RenamePageQuick
SID_RENAME_MASTER_PAGE,.uno:RenameMasterPage
SID_RENAME_OBJECT,.uno:RenameObject
SID_REPAINT,.uno:Repaint
SID_REPEAT,.uno:Repeat
SID_REVERSE_ORDER,.uno:ReverseOrder
SID_RUBY_DIALOG,.uno:RubyDialog
SID_RULER,.uno:ShowRuler
SID_RULER_BORDERS,.uno:RulerBorders
SID_RULER_BORDERS_VERTICAL,.uno:RulerBordersVertical
SID_RULER_BORDER_DISTANCE,.uno:RulerBorderDistance
SID_RULER_LR_MIN_MAX,.uno:HeaderFooterBorder
SID_RULER_NULL_OFFSET,.uno:RulerNullOffset
SID_RULER_OBJECT,.uno:RulerObject
SID_RULER_PAGE_POS,.uno:RulerPagePos
SID_RULER_PROTECT,.uno:RulerProtect
SID_RULER_ROWS,.uno:RulerRows
SID_RULER_ROWS_VERTICAL,.uno:RulerRowsVertical
SID_RULER_TEXT_RIGHT_TO_LEFT,.uno:TextRTL
SID_RUNMACRO,.uno:RunMacro
SID_SAVEASDOC,.uno:SaveAs
SID_SAVECONFIG,.uno:SaveConfiguration
SID_SAVEDOC,.uno:Save
SID_SAVEDOCS,.uno:SaveAll
SID_SAVEDOCTOBOOKMARK,.uno:FileDocument
SID_SAVE_VERSION_ON_CLOSE,.uno:SaveVersionOnClose
SID_SBA_BRW_INSERT,.uno:SbaBrwInsert
SID_SBA_IMPORT,.uno:SbaImport
SID_SCAN,.uno:Scan
SID_SCATTR_PROTECTION,.uno:Protection
SID_SCENARIOS,.uno:ScenarioManager
SID_SCH_EDITOPTIONS,.uno:SchEditOptions
SID_SCOPTIONS,.uno:ToolsOptions
SID_SCRIPTORGANIZER,.uno:ScriptOrganizer
SID_SC_ACTIVECELL,.uno:ActiveCell
SID_SC_ACTIVEOBJECT,.uno:SelectedObject
SID_SC_ACTIVETAB,.uno:ActiveTable
SID_SC_CELLS,.uno:Cells
SID_SC_CELLTEXT,.uno:CellText
SID_SC_EDITOPTIONS,.uno:ScEditOptions
SID_SC_EDIT_OBJECT,.uno:EditObject
SID_SC_RANGE,.uno:Range
SID_SC_SELECTION,.uno:Selection
SID_SC_SETTEXT,.uno:PutCell
SID_SD_AUTOPILOT,.uno:AutoPilotPresentations
SID_SD_EDITOPTIONS,.uno:SdEditOptions
SID_SD_GRAPHIC_OPTIONS,.uno:SdGraphicOptions
SID_SEARCH_DLG,.uno:SearchDialog
SID_SEARCH_ITEM,.uno:SearchProperties
SID_SEARCH_OPTIONS,.uno:SearchOptions
SID_SELECT,.uno:Select
SID_SELECTALL,.uno:SelectAll
SID_SELECTAT,.uno:SelectAt
SID_SELECTGRADIENT,.uno:SelectGradient
SID_SELECTHATCH,.uno:SelectHatch
SID_SELECT_COL,.uno:SelectColumn
SID_SELECT_DB,.uno:SelectDB
SID_SELECT_NONE,.uno:Deselect
SID_SELECT_ROW,.uno:SelectRow
SID_SELECT_SCENARIO,.uno:SelectScenario
SID_SELECT_TABLES,.uno:SelectTables
SID_SETFILLCOLOR,.uno:SetFillColor
SID_SETFILLSTYLE,.uno:SetFillStyle
SID_SETGRADENDCOLOR,.uno:GradientEndColor
SID_SETGRADSTARTCOLOR,.uno:GradientStartColor
SID_SETHATCHCOLOR,.uno:HatchColor
SID_SETINPUTMODE,.uno:SetInputMode
SID_SETLINECOLOR,.uno:LineColor
SID_SETLINESTYLE,.uno:SetLineStyle
SID_SETLINEWIDTH,.uno:SetLineWidth
SID_SETOPTIONS,.uno:SetOptions
SID_SETUPPRINTER,.uno:PrinterSetup
SID_SET_DEFAULT,.uno:SetDefault
SID_SET_SNAPITEM,.uno:SetSnapItem
SID_SET_SUB_SCRIPT,.uno:SubScript
SID_SET_SUPER_SCRIPT,.uno:SuperScript
SID_SHOWPOPUPS,.uno:ShowPopups
SID_SHOW_BROWSER,.uno:ShowBrowser
SID_SHOW_IME_STATUS_WINDOW,.uno:ShowImeStatusWindow
SID_SHOW_ITEMBROWSER,.uno:ShowItemBrowser
SID_SHOW_PROPERTYBROWSER,.uno:ShowPropBrowser
SID_SIGNATURE,.uno:Signature
SID_SIM_EDITOPTIONS,.uno:SimEditOptions
SID_SIM_START,.uno:LaunchStarImage
SID_SIZE_ALL,.uno:ZoomOptimal
SID_SIZE_OPTIMAL,.uno:ZoomObjects
SID_SIZE_PAGE,.uno:ZoomPage
SID_SIZE_PAGE_WIDTH,.uno:ZoomPageWidth
SID_SIZE_REAL,.uno:Zoom100Percent
SID_SIZE_VISAREA,.uno:ZoomVisArea
SID_SLIDE_MASTERPAGE,.uno:SlideMasterPage
SID_SLIDE_TRANSITIONS_PANEL,.uno:SlideChangeWindow
SID_SM_EDITOPTIONS,.uno:SmEditOptions
SID_SNAP_BORDER,.uno:SnapBorder
SID_SNAP_FRAME,.uno:SnapFrame
SID_SNAP_POINTS,.uno:SnapPoints
SID_SOLID_CREATE,.uno:SolidCreate
SID_SOLVE,.uno:GoalSeek
SID_SORT,.uno:DataSort
SID_SORT_ASCENDING,.uno:SortAscending
SID_SORT_DESCENDING,.uno:SortDescending
SID_SOURCEVIEW,.uno:SourceView
SID_SPECIAL_FILTER,.uno:DataFilterSpecialFilter
SID_SPELLCHECKER_CHANGED,.uno:SpellCheckerChanged
SID_SPELL_DIALOG,.uno:SpellDialog
SID_SPLIT_HORIZONTAL,.uno:SplitHorizontal
SID_SPLIT_PARENT_HORIZONTAL,.uno:SplitParentHorizontal
SID_SPLIT_PARENT_VERTICAL,.uno:SplitParentVertical
SID_SPLIT_VERTICAL,.uno:SplitVertical
SID_STANDARD_FONTS,.uno:StandardFonts
SID_STARTAPP,.uno:StartApplication
SID_STATUSBARTEXT,.uno:StatusBar
SID_STATUS_DOCPOS,.uno:StatusDocPos
SID_STATUS_LAYOUT,.uno:LayoutStatus
SID_STATUS_PAGE,.uno:PageStatus
SID_STATUS_PAGESTYLE,.uno:StatusPageStyle
SID_STATUS_SELMODE,.uno:StatusSelectionMode
SID_STATUS_SELMODE_ERG,.uno:StatusSelectionModeExp
SID_STATUS_SELMODE_ERW,.uno:StatusSelectionModeExt
SID_STATUS_SELMODE_NORM,.uno:StatusSelectionModeNorm
SID_STATUS_SUM,.uno:StatusFunction
SID_STOP_RECORDING,.uno:StopRecording
SID_STYLE_APPLY,.uno:StyleApply
SID_STYLE_CATALOG,.uno:StyleCatalog
SID_STYLE_DELETE,.uno:DeleteStyle
SID_STYLE_DESIGNER,.uno:DesignerDialog
SID_STYLE_DRAGHIERARCHIE,.uno:DragHierarchy
SID_STYLE_EDIT,.uno:EditStyle
SID_STYLE_FAMILY,.uno:ActualStyleFamily
SID_STYLE_FAMILY1,.uno:CharStyle
SID_STYLE_FAMILY2,.uno:ParaStyle
SID_STYLE_FAMILY3,.uno:FrameStyle
SID_STYLE_FAMILY4,.uno:PageStyle
SID_STYLE_FAMILY5,.uno:TemplateFamily5
SID_STYLE_NEW,.uno:NewStyle
SID_STYLE_NEW_BY_EXAMPLE,.uno:StyleNewByExample
SID_STYLE_UPDATE_BY_EXAMPLE,.uno:StyleUpdateByExample
SID_STYLE_WATERCAN,.uno:StyleWatercanMode
SID_SUBTOTALS,.uno:DataSubTotals
SID_SUMMARY_PAGE,.uno:SummaryPage
SID_SWITCHLAYER,.uno:SwitchLayer
SID_SWITCHPAGE,.uno:SwitchPage
SID_SWITCH_POINTEDIT,.uno:SwitchPointEdit
SID_SW_EDITOPTIONS,.uno:SwEditOptions
SID_TABLES_COUNT,.uno:TableCount
SID_TABLES_GET,.uno:Tables
SID_TABLE_ACTIVATE,.uno:ActivateTable
SID_TABLE_CELL,.uno:StateTableCell
SID_TABOP,.uno:TableOperation
SID_TASKBAR,.uno:TaskBarVisible
SID_TBXCTL_INSCELLS,.uno:InsCellsCtrl
SID_TBXCTL_INSERT,.uno:InsertCtrl
SID_TBXCTL_INSOBJ,.uno:InsObjCtrl
SID_TEMPLATE_ADDRESSBOKSOURCE,.uno:AddressBookSource
SID_TEMPLATE_LOAD,.uno:LoadStyles
SID_TERMINATE_INPLACEACTIVATION,.uno:TerminateInplaceActivation
SID_TEXTALIGNMENT,.uno:TextAlignment
SID_TEXTATTR_DLG,.uno:TextAttributes
SID_TEXTDIRECTION_LEFT_TO_RIGHT,.uno:TextdirectionLeftToRight
SID_TEXTDIRECTION_TOP_TO_BOTTOM,.uno:TextdirectionTopToBottom
SID_TEXTEDIT,.uno:ToolEdit
SID_TEXT_DRAFT,.uno:TextDraft
SID_TEXT_FITTOSIZE,.uno:TextFitToSizeTool
SID_TEXT_FITTOSIZE_VERTICAL,.uno:VerticalTextFitToSizeTool
SID_TEXT_STANDARD,.uno:StandardTextAttributes
SID_TEXT_TO_COLUMNS,.uno:TextInSpalten
SID_THESAURUS,.uno:Thesaurus
SID_TIPWINDOW,.uno:TipsDialog
SID_TITLE,.uno:Title
SID_TITLE_MASTERPAGE,.uno:TitleMasterPage
SID_TOGGLESTATUSBAR,.uno:StatusBarVisible
SID_TOGGLE_MENUBAR,.uno:MenuBarVisible
SID_TOGGLE_REL,.uno:ToggleRelative
SID_TOOLBOXOPTIONS,.uno:LoadToolBox
SID_TOOL_CONNECTOR,.uno:Connector
SID_TOPDOC,.uno:GetActiveTask
SID_TRANSLITERATE_FULLWIDTH,.uno:ChangeCaseToFullWidth
SID_TRANSLITERATE_HALFWIDTH,.uno:ChangeCaseToHalfWidth
SID_TRANSLITERATE_HIRAGANA,.uno:ChangeCaseToHiragana
SID_TRANSLITERATE_KATAGANA,.uno:ChangeCaseToKatakana
SID_TRANSLITERATE_LOWER,.uno:ChangeCaseToLower
SID_TRANSLITERATE_UPPER,.uno:ChangeCaseToUpper
SID_TWAIN_SELECT,.uno:TwainSelect
SID_TWAIN_TRANSFER,.uno:TwainTransfer
SID_ULINE_VAL_DOTTED,.uno:UnderlineDotted
SID_ULINE_VAL_DOUBLE,.uno:UnderlineDouble
SID_ULINE_VAL_NONE,.uno:UnderlineNone
SID_ULINE_VAL_SINGLE,.uno:UnderlineSingle
SID_UNDO,.uno:Undo
SID_UNFILTER,.uno:DataFilterRemoveFilter
SID_UNGROUP,.uno:FormatUngroup
SID_UNSELECT,.uno:DeSelect
SID_UPDATECHART,.uno:UpdateChart
SID_UPDATETABLINKS,.uno:UpdateTableLinks
SID_UPDATE_CONFIG,.uno:UpdateConfiguration
SID_UPDATE_VERSION,.uno:UpdateVersion
SID_VERSION,.uno:VersionDialog
SID_VERSION_VISIBLE,.uno:VersionVisible
SID_VERTICAL,.uno:MirrorVert
SID_VERTICALTEXT_STATE,.uno:VerticalTextState
SID_VIEWSHELL,.uno:SwitchViewShell
SID_VIEWSHELL0,.uno:_SwitchViewShell0
SID_VIEWSHELL1,.uno:_SwitchViewShell1
SID_VIEWSHELL2,.uno:_SwitchViewShell2
SID_VIEWSHELL3,.uno:_SwitchViewShell3
SID_VIEWSHELL4,.uno:_SwitchViewShell4
SID_VIEW_DATA_SOURCE_BROWSER,.uno:ViewDataSourceBrowser
SID_V_ALIGNCELL,.uno:VerticalAlignment
SID_WINDOW_FIX,.uno:FreezePanes
SID_WINDOW_SPLIT,.uno:SplitWindow
SID_WIN_FULLSCREEN,.uno:FullScreen
SID_WIN_POSSIZE,.uno:Area
SID_WIN_VISIBLE,.uno:WinVisible
SID_ZOOM,.uno:Zooming
SID_ZOOM_IN,.uno:ZoomMinus
SID_ZOOM_NEXT,.uno:ZoomNext
SID_ZOOM_OUT,.uno:ZoomPlus
SID_ZOOM_PANNING,.uno:ZoomPanning
SID_ZOOM_PREV,.uno:ZoomPrevious
SID_ZOOM_TOOLBOX,.uno:ZoomToolBox
WID_SIMPLE_REF,.uno:SimpleReferenz
